smiles,logS,logS_lower_bound,logS_upper_bound,Capped_logS_lower_bound,Capped_logS_upper_bound
Clc1ccc(Nc2nnc(Cc3ccncc3)c3ccccc23)cc1,-4.27,-4.98,-3.56,-4.98,-3.56
O=P1(NCCCl)OCCCN1CCCl,-1.31,-1.86,-0.767,-1.86,-0.767
CO[C@@]12[C@H](COC(N)=O)C3=C(C(=O)C(C)=C(N)C3=O)N1C[C@@H]1N[C@@H]12,-2.62,-3.19,-2.04,-3.19,-2.04
COc1cc2c(c(OC)c1OC)-c1ccc(OC)c(=O)cc1[C@@H](NC(C)=O)CC2,-1.12,-1.93,-0.311,-1.93,-0.311
CC1(C)CCC(C)(C)c2c1cc(C(=O)Nc1cc(F)c(C(=O)O)c(F)c1)c(O)c2Cl,-7.35,-7.98,-6.71,-7.98,-6.71
N#CCNC(=O)c1ccc(-c2ccnc(Nc3ccc(N4CCOCC4)cc3)n2)cc1,-4.73,-5.67,-3.79,-5.67,-3.79
C#Cc1cccc(Nc2ncnc3cc(OCCOC)c(OCCOC)cc23)c1.Cl,-2.93,-3.44,-2.42,-3.44,-2.42
CC(=O)OCC(=O)[C@@]1(O)CC[C@H]2[C@@H]3CCC4=CC(=O)CC[C@]4(C)[C@H]3[C@@H](O)C[C@@]21C,-4.32,-5.24,-3.4,-5.24,-3.4
COCCOCCOc1ccc(C2=N[C@@](C)(C(=O)O)CS2)c(O)c1,-2.63,-3.19,-2.07,-3.19,-2.07
CC(C)(C)c1[nH]cnc1/C=c1\[nH]c(=O)/c(=C/c2ccccc2)[nH]c1=O,-5.1,-5.79,-4.42,-5.79,-4.42
CCCCC(=O)OCC(=O)[C@]1(O)Cc2c(O)c3c(c(O)c2[C@@H](O[C@H]2C[C@H](NC(=O)C(F)(F)F)[C@H](O)[C@H](C)O2)C1)C(=O)c1c(OC)cccc1C3=O,-5.51,-6.38,-4.64,-6.38,-4.64
O=C1OCCN1/N=C/c1ccc([N+](=O)[O-])o1,-3.07,-3.89,-2.25,-3.89,-2.25
O=c1[nH]c(=O)n([C@H]2C[C@H](O)[C@@H](CO)O2)cc1C(F)(F)F,-1.22,-1.76,-0.682,-1.76,-0.682
C[C@H]1O[C@@H](n2cc(F)c(=O)[nH]c2=O)[C@H](O)[C@@H]1O,-1.5,-2.09,-0.916,-2.09,-0.916
COc1cc(C)c(/C=C/C(C)=C/C=C/C(C)=C/C(=O)O)c(C)c1C,-3.98,-4.65,-3.3,-4.65,-3.3
CC(=O)OCC(=O)[C@@]1(O)CC[C@H]2[C@@H]3CCC4=CC(=O)C=C[C@]4(C)[C@H]3[C@@H](O)C[C@@]21C,-4.24,-4.85,-3.62,-4.85,-3.62
CCC(=O)O[C@]1(C(=O)CCl)[C@@H](C)C[C@H]2[C@@H]3CCC4=CC(=O)C=C[C@]4(C)[C@@]3(F)[C@@H](O)C[C@@]21C,-4.62,-5.33,-3.91,-5.33,-3.91
C[C@@H]1C[C@H]2[C@@H]3CCC4=CC(=O)C=C[C@]4(C)[C@@]3(Cl)[C@@H](O)C[C@]2(C)[C@@]1(OC(=O)c1ccco1)C(=O)CCl,-4.09,-4.54,-3.65,-4.54,-3.65
Nc1ccc(C(=O)O)c(O)c1,-2.06,-2.79,-1.34,-2.79,-1.34
CC1=C(CO)C2=C(C)C3(CC3)[C@@](C)(O)C(=O)C2=C1,-1.46,-2.32,-0.605,-2.32,-0.605
CC(=O)[C@]1(N)Cc2c(O)c3c(c(O)c2[C@@H](O[C@H]2C[C@H](O)[C@H](O)CO2)C1)C(=O)c1ccccc1C3=O,-3.27,-4.02,-2.51,-4.02,-2.51
C=C(Br)C(=O)Nc1cc(C(=O)Nc2cc(C(=O)Nc3cc(C(=O)Nc4cc(C(=O)NCCNC(=N)N)n(C)c4)n(C)c3)n(C)c2)n(C)c1,-1.72,-2.39,-1.04,-2.39,-1.04
CC(=O)OCC(=O)[C@@]1(O)[C@H](C)C[C@H]2[C@@H]3C[C@H](F)C4=CC(=O)C=C[C@]4(C)[C@H]3[C@@H](O)C[C@@]21C,-4.47,-5.23,-3.7,-5.23,-3.7
C[C@H]1C[C@H]2[C@@H]3CCC4=CC(=O)C=C[C@]4(C)[C@@]3(F)[C@@H](O)C[C@]2(C)[C@@]1(OC(=O)c1ccccc1)C(=O)CO,-5.19,-5.84,-4.53,-5.84,-4.53
CCC(=O)OCC(=O)[C@@]1(OC(=O)CC)[C@@H](C)C[C@H]2[C@@H]3CCC4=CC(=O)C=C[C@]4(C)[C@@]3(F)[C@@H](O)C[C@@]21C,-4.09,-5.13,-3.05,-5.13,-3.05
CCOC(=O)O[C@]1(C(=O)COC(=O)CC)CC[C@H]2[C@@H]3CCC4=CC(=O)C=C[C@]4(C)[C@H]3[C@@H](O)C[C@@]21C,-4.74,-5.58,-3.89,-5.58,-3.89
Cn1cnc([N+](=O)[O-])c1Sc1ncnc2nc[n-]c12.[Na+],-1.99,-2.72,-1.25,-2.72,-1.25
CNNCc1ccc(C(=O)NC(C)C)cc1.Cl,-0.858,-1.7,-0.0194,-1.7,-0.0194
CC(=O)OCC(=O)[C@@]1(O)[C@H](OC(C)=O)C[C@H]2[C@@H]3CCC4=CC(=O)C=C[C@]4(C)[C@@]3(F)[C@@H](O)C[C@@]21C,-4.11,-4.58,-3.64,-4.58,-3.64
COc1cccc2c1C(=O)c1c(O)c3c(c(O)c1C2=O)C[C@@](O)(C(C)=O)C[C@@H]3O[C@H]1C[C@H](N)[C@H](O)[C@H](C)O1.O=C(O)CC(O)(CC(=O)O)C(=O)O,-3.08,-4.11,-2.04,-4.11,-2.04
C[C@]12CCC(=O)C=C1CC[C@@H]1[C@@H]2[C@@H](O)C[C@@]2(C)[C@H]1CC[C@]2(O)C(=O)COC(=O)CCC(=O)[O-].[Na+],-2.82,-4.17,-1.47,-4.17,-1.47
CCC(=O)OCC(=O)[C@@]1(OC(=O)CC)[C@@H](C)C[C@H]2[C@@H]3CCC4=CC(=O)C=C[C@]4(C)[C@@]3(Cl)[C@@H](O)C[C@@]21C,-3.69,-4.43,-2.95,-4.43,-2.95
CC(=O)OCC(=O)[C@@]1(O)[C@@H](C)C[C@H]2[C@@H]3CCC4=CC(=O)C=C[C@]4(C)[C@@]3(F)[C@@H](O)C[C@@]21C,-4.71,-5.6,-3.82,-5.6,-3.82
CC(=O)OCC(=O)[C@@]1(OC(C)=O)[C@@H](C)C[C@H]2[C@@H]3C[C@H](F)C4=CC(=O)C=C[C@]4(C)[C@@]3(F)[C@@H](O)C[C@@]21C,-5.35,-6.04,-4.66,-6.04,-4.66
COc1cc2nc(N3CCN(C(=O)C4COc5ccccc5O4)CC3)nc(N)c2cc1OC.CS(=O)(=O)O,-2.36,-3.37,-1.34,-3.37,-1.34
CCCCC(=O)O[C@]1(C(=O)CO)CC[C@H]2[C@@H]3CCC4=CC(=O)CC[C@]4(C)[C@H]3[C@@H](O)C[C@@]21C,-5.6,-6.48,-4.71,-6.48,-4.71
Cl.NCC(=O)CCC(=O)O,1.02,-0.692,2.74,-0.692,2.14
Nc1ccc(C(=O)[O-])c(O)c1.[K+],-1.02,-1.9,-0.139,-1.9,-0.139
Oc1c(Cl)cc(Cl)c2cccnc12,-3.68,-4.63,-2.74,-4.63,-2.74
CC(=O)[C@@]1(O)CC[C@H]2[C@@H]3C[C@H](C)C4=CC(=O)C=C[C@]4(C)[C@@]3(F)[C@@H](O)C[C@@]21C,-4.77,-5.4,-4.14,-5.4,-4.14
CCC(=O)[C@@]1(C)[C@H](C)C[C@H]2[C@@H]3CCC4=CC(=O)C=C[C@]4(C)[C@H]3[C@@H](O)C[C@@]21C,-3.9,-4.65,-3.16,-4.65,-3.16
CCN(CC)CC(=O)OCC(=O)[C@@]1(O)CC[C@H]2[C@@H]3CCC4=CC(=O)CC[C@]4(C)[C@H]3[C@@H](O)C[C@@]21C.Cl,-2.88,-3.67,-2.09,-3.67,-2.09
COc1cc([C@@H]2c3cc4c(cc3[C@@H](O[C@@H]3O[C@@H]5CO[C@@H](C)O[C@H]5[C@H](O)[C@H]3O)[C@H]3COC(=O)[C@H]23)OCO4)cc(OC)c1OP(=O)(O)O,-3.26,-4.38,-2.13,-4.38,-2.13
C[C@]12CC[C@@H]3c4ccc(OC(=O)N(CCCl)CCCl)cc4CC[C@H]3[C@@H]1CC[C@@H]2OP(=O)([O-])[O-].[Na+].[Na+],-5.23,-5.79,-4.66,-5.79,-4.66
CC(=O)OCC(=O)[C@@]12OC3(CCCC3)O[C@@H]1C[C@H]1[C@@H]3CCC4=CC(=O)C=C[C@]4(C)[C@@]3(F)[C@@H](O)C[C@@]12C,-5.01,-5.83,-4.2,-5.83,-4.2
C[C@H]1C[C@H]2[C@@H]3CCC4=CC(=O)C=C[C@]4(C)[C@@]3(F)[C@@H](O)C[C@]2(C)[C@@]1(O)C(=O)COP(=O)([O-])[O-].[Na+].[Na+],-2.56,-3.44,-1.69,-3.44,-1.69
C[C@]12C=CC(=O)C=C1[C@@H](F)C[C@@H]1[C@@H]2[C@@H](O)C[C@@]2(C)[C@H]1CC[C@]2(O)C(=O)CO,-3.8,-4.49,-3.12,-4.49,-3.12
CN1CC[C@]23c4c5ccc(O)c4O[C@H]2C(=O)CC[C@@]3(O)[C@H]1C5.Cl,-1.45,-2.97,0.0707,-2.97,0.0707
O.O=P1(N(CCCl)CCCl)NCCCO1,-1.77,-2.38,-1.16,-2.38,-1.16
CC1(C)O[C@@H]2C[C@H]3[C@@H]4CCC5=CC(=O)CC[C@]5(C)[C@@]4(F)[C@@H](O)C[C@]3(C)[C@]2(C(=O)CCl)O1,-4.03,-4.56,-3.49,-4.56,-3.49
Cl.N[C@@H](Cc1ccc(N(CCCl)CCCl)cc1)C(=O)O,-2.57,-3.65,-1.5,-3.65,-1.5
CCOC(=O)O[C@]1(C(=O)OCCl)CC[C@H]2[C@@H]3CCC4=CC(=O)C=C[C@]4(C)[C@H]3[C@@H](O)C[C@@]21C,-5.01,-5.54,-4.47,-5.54,-4.47
Cc1ncc([N+](=O)[O-])n1CCO.Cl,-0.469,-1.11,0.167,-1.11,0.167
C[C@@H]1C[C@H]2[C@@H]3C[C@H](F)C4=CC(=O)C=C[C@]4(C)[C@@]3(F)[C@@H](O)C[C@]2(C)[C@@]1(O)C(=O)COC(=O)C(C)(C)C,-6.39,-7.19,-5.6,-7.19,-5.6
CC(C)(C)CC(=O)OCC(=O)[C@@]12OC(C)(C)O[C@@H]1C[C@H]1[C@@H]3CCC4=CC(=O)C=C[C@]4(C)[C@@]3(F)[C@@H](O)C[C@@]12C,-5.34,-6.22,-4.47,-6.22,-4.47
CCC(=O)O[C@]1(C(=O)CCl)[C@@H](C)C[C@H]2[C@@H]3C[C@H](F)C4=CC(=O)C=C[C@]4(C)[C@@]3(F)[C@@H](O)C[C@@]21C,-5.86,-6.54,-5.18,-6.54,-5.18
CC(C)(C)CC(=O)OCC(=O)[C@@]1(O)CC[C@H]2[C@@H]3CCC4=CC(=O)C=C[C@]4(C)[C@H]3[C@@H](O)C[C@@]21C,-5.2,-5.82,-4.57,-5.82,-4.57
CCOc1ccccc1OCCN[C@H](C)Cc1ccc(OC)c(S(N)(=O)=O)c1.Cl,-1.21,-1.85,-0.576,-1.85,-0.576
CC(CN(C)C)CN1c2ccccc2CCc2ccccc21.O=C(O)/C=C\C(=O)O,-3.96,-5.46,-2.47,-5.46,-2.47
CCCC(=O)O[C@]1(C(=O)COC(=O)CC)CC[C@H]2[C@@H]3CCC4=CC(=O)CC[C@]4(C)[C@H]3[C@@H](O)C[C@@]21C,-5.29,-6.26,-4.33,-6.26,-4.33
COc1c(C)c2c(c(O)c1C/C=C(\C)CCC(=O)OCCN1CCOCC1)C(=O)OC2.Cl,-1.36,-2.22,-0.501,-2.22,-0.501
C[C@]12CCC(=O)C=C1CC[C@@H]1[C@@H]2[C@@H](O)C[C@@]2(C)[C@H]1CC[C@]2(O)C(=O)COP(=O)([O-])[O-].[Na+].[Na+],-2.03,-2.9,-1.15,-2.9,-1.15
C[C@@H]1C[C@H]2[C@@H]3C[C@H](F)C4=CC(=O)C=C[C@]4(C)[C@@]3(Cl)[C@@H](O)C[C@]2(C)[C@H]1C(=O)COC(=O)C(C)(C)C,-4.92,-5.49,-4.35,-5.49,-4.35
COc1cccc2c1C(=O)c1c(O)c3c(c(O)c1C2=O)C[C@@](O)(C(=O)CO)C[C@@H]3O[C@H]1C[C@H](N)[C@@H](O)[C@H](C)O1.Cl,-2.36,-3.49,-1.23,-3.49,-1.23
CCC(=O)OCC(=O)[C@@]1(OC(=O)CC)[C@H](C)C[C@H]2[C@H]3[C@H]([C@@H](O)C[C@@]21C)[C@@]1(C)C=CC(=O)C=C1C[C@H]3Cl,-3.14,-3.83,-2.45,-3.83,-2.45
O=C1CN(/N=C/c2ccc([N+](=O)[O-])o2)C(=O)[N-]1.[Na+],-2.46,-3.09,-1.82,-3.09,-1.82
CN(CCCl)CCCl.Cl,-0.435,-1.14,0.276,-1.14,0.276
CC(C)(C)NCC(O)COc1cccc2c1CCC(=O)N2.Cl,-0.714,-1.74,0.307,-1.74,0.307
CC1(C)O[C@@H]2C[C@H]3[C@@H]4C[C@H](F)C5=CC(=O)CC[C@]5(C)[C@H]4[C@@H](O)C[C@]3(C)[C@]2(C(=O)CO)O1,-3.62,-4.62,-2.63,-4.62,-2.63
C[C@]12C=CC(=O)C=C1CC[C@@H]1[C@@H]2[C@@H](O)C[C@@]2(C)[C@H]1CC[C@]2(O)C(=O)COP(=O)([O-])[O-].[Na+].[Na+],-1.96,-2.54,-1.37,-2.54,-1.37
CC(C)NC(=N)NC(=N)Nc1ccc(Cl)cc1.Cl,-2.63,-4.01,-1.24,-4.01,-1.24
CC(=O)O[C@]1(C(C)=O)CC[C@H]2[C@@H]3C[C@H](C)C4=CC(=O)C=C[C@]4(C)[C@@]3(F)[C@@H](O)C[C@@]21C,-5.35,-5.9,-4.79,-5.9,-4.79
COc1cc(Cc2cnc(N)nc2N)cc(OC)c1OC.Cl,-2.74,-3.41,-2.06,-3.41,-2.06
COC(=O)CCC(=O)CN.Cl,0.626,-1.37,2.63,-1.37,2.14
C1N2CN3CN1CN(C2)C3.O=C(O)CNC(=O)c1ccccc1,0.52,0.0616,0.977,0.0616,0.977
CC1(C)O[C@@H]2C[C@H]3[C@@H]4CCC5=CC(=O)C=C[C@]5(C)[C@H]4[C@@H](O)C[C@]3(C)[C@]2(C(=O)CO)O1,-3.36,-4.18,-2.53,-4.18,-2.53
COc1nc(N)nc2c1ncn2[C@@H]1O[C@H](CO)[C@@H](O)[C@@H]1O,-1.38,-1.98,-0.788,-1.98,-0.788
C[C@H]1C[C@H]2[C@@H]3CCC4=CC(=O)C=C[C@]4(C)[C@H]3C(=O)C[C@]2(C)[C@@]1(O)C(=O)CO,-3.44,-4.18,-2.71,-4.18,-2.71
COc1ccccc1OCCNCC(O)COc1cccc2[nH]c3ccccc3c12.O=P(O)(O)O,-4.11,-4.95,-3.27,-4.95,-3.27
CC(=O)[C@H]1CC[C@H]2[C@@H]3C[C@H](C)C4=CC(=O)CC[C@]4(C)[C@H]3[C@@H](O)C[C@]12C,-3.62,-4.42,-2.81,-4.42,-2.81
CS(=O)(=O)CCNCc1ccc(-c2ccc3ncnc(Nc4ccc(OCc5cccc(F)c5)c(Cl)c4)c3c2)o1.Cc1ccc(S(=O)(=O)O)cc1.Cc1ccc(S(=O)(=O)O)cc1.O,-4.33,-5.0,-3.66,-5.0,-3.66
Cc1ccc(Nc2nccc(N(C)c3ccc4c(C)n(C)nc4c3)n2)cc1S(N)(=O)=O.Cl,-2.0,-2.71,-1.29,-2.71,-1.29
Cl.Cn1c(CCCC(=O)O)nc2cc(N(CCCl)CCCl)ccc21,-1.58,-2.25,-0.905,-2.25,-0.905
Cc1cn(-c2cc(NC(=O)c3ccc(C)c(Nc4nccc(-c5cccnc5)n4)c3)cc(C(F)(F)F)c2)cn1.Cl.O,-3.36,-4.15,-2.57,-4.15,-2.57
C#CCC(Cc1cnc2nc(N)nc(N)c2n1)c1ccc(C(=O)N[C@@H](CCC(=O)O)C(=O)O)cc1,-5.73,-6.18,-5.27,-6.18,-5.27
CO[C@H]1C(=O)[C@]2(C)[C@@H](OC)C[C@H]3OC[C@@]3(OC(C)=O)[C@H]2[C@H](OC(=O)c2ccccc2)[C@]2(O)C[C@H](OC(=O)[C@H](O)[C@@H](NC(=O)OC(C)(C)C)c3ccccc3)C(C)=C1C2(C)C,-6.01,-7.26,-4.77,-7.26,-4.77
CCCC(=O)O[C@]1(C(=O)COC(C)=O)CC[C@H]2[C@@H]3C[C@H](F)C4=CC(=O)C=C[C@]4(C)[C@@]3(F)[C@@H](O)C[C@@]21C,-7.53,-8.07,-6.99,-8.07,-6.99
C/C(=C\c1csc(C)n1)[C@@H]1C[C@@H]2O[C@]2(C)CCC[C@H](C)[C@H](O)[C@@H](C)C(=O)C(C)(C)[C@@H](O)CC(=O)N1,-3.06,-3.45,-2.68,-3.45,-2.68
CC(=O)OCC(=O)[C@@]12N=C(C)O[C@@H]1C[C@H]1[C@@H]3CCC4=CC(=O)C=C[C@]4(C)[C@H]3[C@@H](O)C[C@@]12C,-3.96,-4.58,-3.34,-4.58,-3.34
C[C@H](CCc1ccccc1)NC[C@H](O)c1ccc(O)c(C(N)=O)c1.Cl,-2.58,-3.4,-1.75,-3.4,-1.75
CCS(=O)(=O)CCn1c([N+](=O)[O-])cnc1C,-1.17,-1.81,-0.531,-1.81,-0.531
CCCS(=O)(=O)Nc1ccc(F)c(C(=O)c2c[nH]c3ncc(-c4ccc(Cl)cc4)cc23)c1F,-7.96,-8.5,-7.43,-8.5,-7.43
COc1cc2c(Oc3ccc(NC(=O)C4(C(=O)Nc5ccc(F)cc5)CC4)cc3F)ccnc2cc1OCCCN1CCOCC1,-5.35,-5.81,-4.89,-5.81,-4.89
Cc1cc(Nc2nc(N[C@@H](C)c3ncc(F)cn3)ncc2Cl)[nH]n1,-3.48,-4.07,-2.89,-4.07,-2.89
CC(=O)N(O)CCCCCNC(=O)CCC(=O)N(O)CCCCCNC(=O)CCC(=O)N(O)CCCCCN.CS(=O)(=O)O,4.86,4.34,5.39,2.14,2.14
CO[C@H](C(=O)[C@@H](O)[C@@H](C)O)[C@@H]1Cc2cc3cc(O[C@H]4C[C@@H](O[C@@H]5C[C@@H](O)[C@H](O)[C@@H](C)O5)[C@H](O)[C@@H](C)O4)c(C)c(O)c3c(O)c2C(=O)[C@H]1O[C@H]1C[C@@H](O[C@@H]2C[C@@H](O)[C@@H](O[C@@H]3C[C@](C)(O)[C@H](O)[C@@H](C)O3)[C@@H](C)O2)[C@H](O)[C@@H](C)O1,-3.56,-4.07,-3.04,-4.07,-3.04
COc1cc2c(N3CCN(C(=O)Nc4ccc(OC(C)C)cc4)CC3)ncnc2cc1OCCCN1CCCCC1,-4.54,-5.35,-3.73,-5.35,-3.73
COc1ccc(-c2ccc3cc(C(=O)O)ccc3c2)cc1C12CC3CC(CC(C3)C1)C2,-8.3,-9.47,-7.12,-9.47,-7.12
O=C1NCCN1CCN1CCC(c2cn(-c3ccc(F)cc3)c3ccc(Cl)cc23)CC1,-4.76,-5.67,-3.86,-5.67,-3.86
CCN(CC)CCN1CCc2[nH]c(/C=C3\C(=O)Nc4ccc(F)cc43)c(C)c2C1=O,-3.45,-4.19,-2.72,-4.19,-2.72
Cc1cnc(Nc2ccc(OCCN3CCCC3)cc2)nc1Nc1cccc(S(=O)(=O)NC(C)(C)C)c1,-3.65,-4.32,-2.99,-4.32,-2.99
COc1cc2nccc(Oc3ccc(NC(=O)Nc4cc(C)on4)c(Cl)c3)c2cc1OC,-6.16,-6.8,-5.52,-6.8,-5.52
CNC(=O)c1ccccc1Sc1ccc2c(/C=C/c3ccccn3)n[nH]c2c1,-3.52,-4.04,-3.01,-4.04,-3.01
CC(C)/N=c1\cc2n(-c3ccc(Cl)cc3)c3ccccc3nc-2cc1Nc1ccc(Cl)cc1,-6.35,-6.99,-5.7,-6.99,-5.7
COc1cc(Cc2cnc(N)nc2N)c2c(c1OC)OC(C1CC1)C=C2,-4.25,-5.02,-3.49,-5.02,-3.49
CC(=O)OCC(=O)[C@@]1(O)CC[C@H]2[C@@H]3C[C@H](C)C4=CC(=O)C=C[C@]4(C)[C@H]3[C@@H](O)C[C@@]21C,-4.32,-4.89,-3.75,-4.89,-3.75
Cc1ncc(CNC(=O)N(CCCl)N=O)c(N)n1,-1.24,-1.83,-0.652,-1.83,-0.652
Cc1ncc([N+](=O)[O-])n1CCO,-1.15,-1.75,-0.557,-1.75,-0.557
CCCC1O[C@@H]2C[C@H]3[C@@H]4CCC5=CC(=O)C=C[C@]5(C)[C@H]4[C@@H](O)C[C@]3(C)[C@]2(C(=O)CO)O1,-4.12,-4.65,-3.59,-4.65,-3.59
Nc1ccn([C@@H]2CS[C@H](CO)O2)c(=O)n1,-1.33,-2.01,-0.648,-2.01,-0.648
Cc1cc(C2CCCCC2)n(O)c(=O)c1,-2.74,-3.61,-1.87,-3.61,-1.87
O=C(Nc1ccc([N+](=O)[O-])cc1Cl)c1cc(Cl)ccc1O,-4.87,-5.93,-3.81,-5.93,-3.81
C[C@]12C=CC(=O)C=C1CC[C@H]1[C@@H]3C[C@@H](O)[C@](O)(C(=O)CO)[C@@]3(C)C[C@H](O)[C@@]12F,-3.49,-4.25,-2.73,-4.25,-2.73
CN(C)c1nc(N(C)C)nc(N(C)C)n1,-3.0,-4.43,-1.58,-4.43,-1.58
CCC(=O)O[C@]1(C(=O)SCF)[C@H](C)C[C@H]2[C@@H]3C[C@H](F)C4=CC(=O)C=C[C@]4(C)[C@@]3(F)[C@@H](O)C[C@@]21C,-7.3,-8.05,-6.55,-8.05,-6.55
Cc1cc2cc3c(C)cc(=O)oc3c(C)c2o1,-5.09,-5.89,-4.29,-5.89,-4.29
CCCSc1ccc2[nH]c(NC(=O)OC)nc2c1,-4.53,-5.73,-3.32,-5.73,-3.32
Oc1ncc(N(CCCl)CCCl)c(O)n1,-2.66,-3.33,-1.99,-3.33,-1.99
CCCCC(=O)O[C@]1(C(=O)CO)[C@@H](C)C[C@H]2[C@@H]3CCC4=CC(=O)C=C[C@]4(C)[C@@]3(F)[C@@H](O)C[C@@]21C,-4.85,-5.63,-4.06,-5.63,-4.06
CC(=O)OCC(=O)[C@@]12OC(C)(C)O[C@@H]1C[C@H]1[C@@H]3C[C@H](F)C4=CC(=O)C=C[C@]4(C)[C@@]3(F)[C@@H](O)C[C@@]12C,-5.66,-6.6,-4.72,-6.6,-4.72
CC1(C)O[C@@H]2C[C@H]3[C@@H]4CCC5=CC(=O)C=C[C@]5(C)[C@@]4(F)[C@@H](O)C[C@]3(C)[C@]2(C(=O)CO)O1,-4.09,-5.02,-3.16,-5.02,-3.16
CC1(C)O[C@@H]2C[C@H]3[C@@H]4C[C@H](F)C5=CC(=O)C=C[C@]5(C)[C@H]4[C@@H](O)C[C@]3(C)[C@]2(C(=O)CO)O1,-3.73,-4.51,-2.95,-4.51,-2.95
CC(=O)OCC(=O)[C@@]1(O)[C@H](C)C[C@H]2[C@@H]3CCC4=CC(=O)C=C[C@]4(C)[C@@]3(F)[C@@H](O)C[C@@]21C,-4.71,-5.6,-3.82,-5.6,-3.82
Cn1cnc([N+](=O)[O-])c1Sc1ncnc2[nH]cnc12,-3.0,-3.79,-2.21,-3.79,-2.21
C[C@]12CCC(=O)C=C1CC[C@@H]1[C@@H]2[C@@H](O)C[C@@]2(C)[C@H]1CC[C@]2(O)C(=O)COC(=O)CCC1CCCC1,-6.47,-7.42,-5.52,-7.42,-5.52
COc1cc2nc(N3CCN(C(=O)c4ccco4)CC3)nc(N)c2cc1OC.Cl,-4.09,-5.3,-2.87,-5.3,-2.87
CCN(CC)CCNC(=O)c1c(C)[nH]c(/C=C2\C(=O)Nc3ccc(F)cc32)c1C.O=C(O)C[C@H](O)C(=O)O,-0.594,-1.09,-0.0959,-1.09,-0.0959
O=C(CCBr)N1CCN(C(=O)CCBr)CC1,-0.923,-1.4,-0.444,-1.4,-0.444
O=C(Nc1ccc(OC(F)(F)F)cc1)c1sccc1NCc1ccnc2ccccc12,-4.78,-5.48,-4.08,-5.48,-4.08
Nc1nc(Cl)nc2c1ncn2[C@H]1C[C@H](O)[C@@H](CO)O1,-0.945,-1.67,-0.216,-1.67,-0.216
Cl.Nc1ccn([C@@H]2O[C@H](CO)[C@@H](O)C2(F)F)c(=O)n1,-1.04,-1.82,-0.261,-1.82,-0.261
NC(=O)c1ncn([C@@H]2O[C@H](CO)[C@@H](O)[C@H]2O)n1,-0.156,-0.851,0.539,-0.851,0.539
CC(=O)OCC(=O)[C@@]1(O)CC[C@H]2[C@@H]3CCC4=CC(=O)CC[C@]4(C)[C@H]3C(=O)C[C@@]21C,-4.14,-4.73,-3.56,-4.73,-3.56
CC(C)(C)C(=O)OCOP(=O)(COC1(Cn2cnc3cnc(N)nc32)CC1)OCOC(=O)C(C)(C)C,-3.16,-3.56,-2.76,-3.56,-2.76
CCOC(=O)c1ccc(C#Cc2ccc3c(c2)C(C)(C)CCS3)nc1,-6.17,-6.87,-5.47,-6.87,-5.47
C[C@@H]1C[C@H]2[C@@H]3C[C@H](F)C4=CC(=O)C=C[C@]4(C)[C@@]3(F)[C@@H](O)C[C@]2(C)[C@@]1(OC(=O)c1ccco1)C(=O)SCF,-7.12,-7.64,-6.6,-7.64,-6.6
CCCC(=O)O[C@]1(C(=O)CO)CC[C@H]2[C@@H]3CCC4=CC(=O)CC[C@]4(C)[C@H]3[C@@H](O)C[C@@]21C,-5.14,-5.88,-4.4,-5.88,-4.4
C=C1C[C@@H]2CC[C@@]34C[C@H]5O[C@H]6[C@@H](O3)[C@H]3O[C@H](CC[C@@H]3O[C@H]6[C@H]5O4)CC(=O)C[C@@H]3[C@@H](OC)[C@@H](C[C@H](O)CN)O[C@H]3C[C@H]3O[C@@H](CC[C@@H]1O2)C[C@@H](C)C3=C.CS(=O)(=O)O,-0.189,-0.96,0.582,-0.96,0.582
Cc1[nH]c(/C=C2\C(=O)Nc3ccc(F)cc32)c(C)c1C(=O)NC[C@H](O)CN1CCOCC1,-1.94,-2.5,-1.38,-2.5,-1.38
CNC(=O)c1cc(Oc2ccc(NC(=O)Nc3cc(C(C)(C)C)nn3-c3ccc4ncccc4c3)c(F)c2)ccn1,-6.37,-6.89,-5.84,-6.89,-5.84
CN1CCN(c2ccc(OC(F)(F)F)c(Nc3ncc4c(n3)-c3c(c(C(N)=O)nn3CCO)CC4)c2)CC1,-4.01,-4.67,-3.34,-4.67,-3.34
C[C@@H]1C[C@H]2[C@@H]3CCC4=CC(=O)C=C[C@]4(C)[C@@]3(F)[C@@H](O)C[C@]2(C)[C@H]1C(=O)CO,-3.73,-4.56,-2.9,-4.56,-2.9
CCCCCOC(=O)Nc1nc(=O)n([C@@H]2O[C@H](C)[C@@H](O)[C@H]2O)cc1F,-4.01,-4.95,-3.07,-4.95,-3.07
N#CC[C@H](C1CCCC1)n1cc(-c2ncnc3[nH]ccc23)cn1,-3.09,-3.72,-2.46,-3.72,-2.46
N#CC[C@H](C1CCCC1)n1cc(-c2ncnc3[nH]ccc23)cn1.O=P(O)(O)O,-2.99,-3.78,-2.2,-3.78,-2.2
CCOc1cc2ncc(C#N)c(Nc3ccc(OCc4ccccn4)c(Cl)c3)c2cc1NC(=O)/C=C/CN(C)C,-5.1,-5.69,-4.52,-5.69,-4.52
O=c1[nH]cc(F)c(=O)[nH]1,-1.41,-2.14,-0.668,-2.14,-0.668
CCCC(=O)N1CCCN(c2nc(N)c3cc(OC)c(OC)cc3n2)CC1,-4.55,-5.89,-3.21,-5.89,-3.21
Cc1ccc(NC(=O)c2ccc(CN3CCN(C)CC3)cc2)cc1Nc1nc(-c2cccnc2)cs1,-0.884,-1.79,0.0163,-1.79,0.0163
O=C(c1ccc(/C=C/c2n[nH]c3ccccc23)cc1)N1CCNCC1,-3.04,-3.64,-2.44,-3.64,-2.44
CN1C/C=C/CCOc2cccc(c2)-c2ccnc(n2)Nc2cccc(c2)C1,-3.14,-3.97,-2.31,-3.97,-2.31
CNC(=O)c1cc(Oc2ccc(NC(=O)Nc3ccc(Cl)c(C(F)(F)F)c3)c(F)c2)ccn1,-6.84,-7.6,-6.08,-7.6,-6.08
C=CC(=O)Nc1ccc2ncnc(Nc3ccc(OCc4cccc(F)c4)c(Cl)c3)c2c1,-5.5,-6.07,-4.93,-6.07,-4.93
CN(N=O)C(=O)N[C@@H](C=O)[C@@H](O)[C@H](O)[C@H](O)CO,0.177,-0.369,0.722,-0.369,0.722
Nc1ncc(-c2cnn(CCO)c2)c2scc(-c3ccc(NC(=O)Nc4cccc(F)c4)cc3)c12,-4.64,-5.23,-4.05,-5.23,-4.05
COc1cc2c(cc1F)C(c1ccccc1Cl)=Nc1c(n[nH]c1C)N2,-4.69,-5.36,-4.01,-5.36,-4.01
CC(C)Cn1c2ccc(Nc3ncccn3)cc2c2c3c(c4c(c21)CCc1nn(C)cc1-4)C(=O)NC3,-5.12,-5.96,-4.28,-5.96,-4.28
C[C@@H]1C[C@H]2[C@@H]3CCC4=CC(=O)C=C[C@]4(C)[C@@]3(F)[C@@H](O)C[C@]2(C)[C@@]1(O)C(=O)COP(=O)([O-])[O-].[Na+].[Na+],-2.56,-3.44,-1.69,-3.44,-1.69
N=C(N)c1ccc(/C=C/c2ccc(C(=N)N)cc2O)cc1.O=S(=O)(O)CCO.O=S(=O)(O)CCO,-0.457,-1.28,0.361,-1.28,0.361
COc1cc2ncnc(Oc3cccc(NC(=O)Nc4cc(C(C)(C)C(F)(F)F)on4)c3)c2cc1OC,-6.68,-7.09,-6.27,-7.09,-6.27
C1=N/C2=N/c3ccc(OCCN4CCCC4)c(c3)COC/C=C/COCc3cccc(c3)C(=C1)N2,-5.38,-6.74,-4.02,-6.74,-4.02
CC(C)C(=O)OCC(=O)[C@@]12O[C@H](C3CCCCC3)O[C@@H]1C[C@H]1[C@@H]3CCC4=CC(=O)C=C[C@]4(C)[C@H]3[C@@H](O)C[C@@]12C,-5.56,-5.99,-5.12,-5.99,-5.12
Cc1ccc(NC(=O)c2ccc(CN3CC[C@H](N(C)C)C3)c(C(F)(F)F)c2)cc1Nc1nccc(-c2cncnc2)n1,-3.09,-4.14,-2.04,-4.14,-2.04
CNC(=O)c1cc(COc2nnc(Nc3ccc(Cl)cc3)c3ccoc23)ccn1,-4.03,-4.6,-3.47,-4.6,-3.47
C#Cc1cccc(Nc2ncnc3cc4c(cc23)OCCOCCOCCO4)c1,-5.09,-5.63,-4.55,-5.63,-4.55
O=c1[nH]c(=O)n(C2CCCO2)cc1F,-1.04,-1.45,-0.634,-1.45,-0.634
COc1cc(Nc2c(C#N)cnc3cc(OCCCN4CCN(C)CC4)c(OC)cc23)c(Cl)cc1Cl.O,-5.31,-6.1,-4.51,-6.1,-4.51
Nc1ccc(C(=O)[O-])c(O)c1.O.O.[Na+],-1.75,-2.64,-0.868,-2.64,-0.868
C[C@@H]1CCN(C(=O)CC#N)C[C@@H]1N(C)c1ncnc2[nH]ccc12.O=C(O)CC(O)(CC(=O)O)C(=O)O,-0.829,-1.6,-0.0549,-1.6,-0.0549
COc1cccc2c1C(=O)c1c(O)c3c(c(O)c1C2=O)C[C@@](O)(C(=O)CO)C[C@@H]3O[C@H]1C[C@H](N)[C@H](OCc2ccccc2)[C@H](C)O1.Cl,-3.11,-3.94,-2.29,-3.94,-2.29
COc1cc(Nc2ncc(F)c(Nc3ccc4c(n3)N(COP(=O)(O)O)C(=O)C(C)(C)O4)n2)cc(OC)c1OC,-2.73,-3.66,-1.79,-3.66,-1.79
C[C@@H]1COC(Nc2ccc3ncnc(Nc4ccc(OCc5nccs5)c(Cl)c4)c3c2)=N1,-4.41,-5.08,-3.74,-5.08,-3.74
S=C(NCc1ccc2c(c1)OCO2)N1CCN(c2ncnc3c2oc2ccccc23)CC1,-5.99,-6.65,-5.34,-6.65,-5.34
COc1cc([C@H]2C(C#N)=C(N)Oc3c2ccc(N)c3N)cc(Br)c1OC,-4.39,-5.33,-3.45,-5.33,-3.45
COc1cc2nccc(Oc3ccc(NC(=O)C4(C(=O)Nc5ccc(F)cc5)CC4)cc3)c2cc1OC.O=C(O)C[C@H](O)C(=O)O,-3.77,-4.17,-3.37,-4.17,-3.37
Cc1ccc2c(NC[C@](O)(CC(C)(C)c3cc(F)cc4c3OCC4)C(F)(F)F)cccc2n1,-4.47,-5.13,-3.8,-5.13,-3.8
CC[C@]12C=CCN3CC[C@@]4(c5cc([C@@]6(C(=O)OC)C[C@@H]7C[C@@H](C(C)(F)F)CN(Cc8c6[nH]c6ccccc86)C7)c(OC)cc5N(C)[C@H]4[C@@](O)(C(=O)OC)[C@@H]1OC(C)=O)[C@@H]32.O=C(O)C(O)C(O)C(=O)O.O=C(O)C(O)C(O)C(=O)O,-4.43,-5.15,-3.71,-5.15,-3.71
CC1(C)CCC(C)(C)c2cc(Cn3cccn3)c(/C=C/c3ccc(C(=O)O)cc3)cc21,-6.3,-7.69,-4.92,-7.69,-4.92
CCCCCCCC/C=C/CCCCCCCC(=O)OC[C@H]1O[C@@H](n2ccc(N)nc2=O)[C@@H](O)[C@@H]1O,-6.09,-7.62,-4.55,-7.62,-4.55
CCCCCCCCCCCCCCCC(=O)Nc1ccn([C@@H]2O[C@H](CO)[C@@H](O)[C@@H]2C#N)c(=O)n1,-5.22,-6.4,-4.04,-6.4,-4.04
COc1cc2nccc(Oc3ccc(NC(=O)NC4CC4)c(Cl)c3)c2cc1C(N)=O.CS(=O)(=O)O,-3.36,-4.09,-2.63,-4.09,-2.63
Cc1ccc(C(=O)Nc2ccc(CN3CCN(C)CC3)c(C(F)(F)F)c2)cc1C#Cc1cnc2cccnn12.Cl,-2.32,-2.75,-1.9,-2.75,-1.9
CC(C)(C)c1cc(NC(=O)Nc2ccc(-c3cn4c(n3)sc3cc(OCCN5CCOCC5)ccc34)cc2)no1.Cl.Cl,-4.81,-5.68,-3.95,-5.68,-3.95
CN(C)C/C=C/C(=O)Nc1cc2c(Nc3ccc(F)c(Cl)c3)ncnc2cc1O[C@H]1CCOC1.O=C(O)/C=C\C(=O)O.O=C(O)/C=C\C(=O)O,-2.76,-3.27,-2.26,-3.27,-2.26
COc1cc2ncnc(Nc3ccc(F)c(Cl)c3)c2cc1NC(=O)/C=C/CN1CCCCC1.O,-4.56,-5.43,-3.69,-5.43,-3.69
CC(C)(C)c1nc(-c2cccc(NS(=O)(=O)c3c(F)cccc3F)c2F)c(-c2ccnc(N)n2)s1.CS(=O)(=O)O,-4.04,-4.47,-3.61,-4.47,-3.61
Cc1c(C(=O)Nc2ccc(N3C[C@@H](C)O[C@@H](C)C3)nc2)cccc1-c1ccc(OC(F)(F)F)cc1,-6.28,-7.12,-5.45,-7.12,-5.45
COc1cc2nccc(Oc3ccc(NC(=O)Nc4cc(C)on4)c(Cl)c3)c2cc1OC.Cl.O,-6.06,-6.86,-5.26,-6.86,-5.26
CCS(=O)(=O)N1CC(CC#N)(n2cc(-c3ncnc4[nH]ccc34)cn2)C1,-1.71,-2.23,-1.19,-2.23,-1.19
CC(=O)OCC(=O)[C@@]1(O)[C@H](C)C[C@H]2[C@@H]3C=C(C)C4=Cc5c(cnn5-c5ccccc5)C[C@]4(C)[C@H]3[C@@H](O)C[C@@]21C,-5.71,-6.29,-5.12,-6.29,-5.12
CCC(=O)O[C@]1(C(=O)COC(C)=O)CC[C@H]2[C@@H]3CCC4=CC(=O)CC[C@]4(C)[C@H]3[C@@H](O)C[C@@]21C,-5.2,-6.01,-4.39,-6.01,-4.39
CC(C)[C@H](N)C(=O)O[C@@H]1C[C@@H](n2ccc(N)nc2=O)O[C@H]1CO,-1.21,-1.76,-0.667,-1.76,-0.667
COc1c(C)c2c(c(O)c1C/C=C(\C)CCC(=O)[O-])C(=O)OC2.[Na+],-1.99,-2.83,-1.16,-2.83,-1.16
O=P(NCCCl)(NCCCl)O[C@@H]1O[C@H](CO)[C@@H](O)[C@H](O)[C@H]1O,-0.159,-0.57,0.252,-0.57,0.252
CCCC(=O)O[C@]1(C(=O)CC)CC[C@H]2[C@@H]3CCC4=CC(=O)CC[C@]4(C)[C@H]3[C@@H](O)C[C@@]21C,-5.35,-6.08,-4.62,-6.08,-4.62
CCN(CC)CCN1C(=O)c2c(c3c4cccc(Cl)c4n([C@@H]4O[C@H](CO)[C@@H](OC)[C@H](O)[C@H]4O)c3c3[nH]c4c(Cl)cccc4c23)C1=O,-6.21,-6.67,-5.75,-6.67,-5.75
COC1=CC(c2cc3ccccc3[nH]2)=N/C1=C\c1[nH]c(C)cc1C.CS(=O)(=O)O,-1.11,-1.72,-0.507,-1.72,-0.507
CONC(=N)c1ccc(-c2ccc(-c3ccc(C(=N)NOC)cc3)o2)cc1.O=C(O)/C=C\C(=O)O,-3.84,-4.88,-2.8,-4.88,-2.8
CC(C)(Cc1c[nH]c2ccccc12)NCC(O)COc1ccccc1C#N.Cl,-2.6,-3.64,-1.56,-3.64,-1.56
CCC(=O)O[C@H]1C[C@H]2OC[C@@]2(OC(C)=O)C2[C@H](OC(=O)c3ccccc3)[C@]3(O)C[C@H](OC(=O)[C@H](O)[C@@H](CC(=O)OC(C)(C)C)c4ccco4)C(C)=C([C@@H](O)C(=O)[C@@]21C)C3(C)C,-5.0,-5.6,-4.4,-5.6,-4.4
COc1cccc2c1C(=O)c1c(O)c3c(c(O)c1C2=O)C[C@@](O)(/C(CO)=N/NC(=O)CCCCCN1C(=O)C=CC1=O)C[C@@H]3O[C@H]1C[C@H](N)[C@H](O)[C@H](C)O1,-5.03,-5.57,-4.49,-5.57,-4.49
Cc1cc(Nc2cc(CN3CCOCC3)c3nc(C)c(Cc4ccc(Cl)cc4F)n3n2)n[nH]1,-3.05,-3.48,-2.62,-3.48,-2.62
COc1cc(Cc2cnc(N)nc2N)cc(OC)c1OC.COc1cc(Cc2cnc(N)nc2N)cc(OC)c1OC.O=S(=O)(O)O,-3.47,-3.94,-3.0,-3.94,-3.0
COc1cccc2c1C(=O)c1c(O)c3c(c(O)c1C2=O)C[C@@](O)(C(=O)CO)C[C@@H]3O[C@H]1C[C@H](N)[C@H](OCc2ccccc2)[C@H](C)O1,-3.75,-4.51,-2.99,-4.51,-2.99
CC[C@]12C=CCN3CC[C@@]4(c5cc([C@@]6(C(=O)OC)C[C@@H]7C[C@@H](C(C)(F)F)CN(Cc8c6[nH]c6ccccc86)C7)c(OC)cc5N(C)[C@H]4[C@@](O)(C(=O)OC)[C@@H]1OC(C)=O)[C@@H]32,-5.87,-6.43,-5.32,-6.43,-5.32
COc1cc2ncnc(Nc3ccc(F)c(Cl)c3)c2cc1NC(=O)/C=C/CN1CCCCC1,-4.0,-4.75,-3.25,-4.75,-3.25
N[C@@H](CCC(=O)N[C@@H](CS(=O)(=O)CCOP(=O)(N(CCCl)CCCl)N(CCCl)CCCl)C(=O)N[C@@H](C(=O)O)c1ccccc1)C(=O)O,0.183,-0.162,0.529,-0.162,0.529
CN(C(=O)c1ccc(F)cc1C(F)(F)F)C1CCN(c2nnc(-c3ccnn3C)c3ccccc23)CC1,-4.66,-5.15,-4.17,-5.15,-4.17
CNC(=O)COc1cccc(Nc2ncc(F)c(Nc3ccc4c(c3)NC(=O)C(F)(F)O4)n2)c1,-3.06,-3.51,-2.61,-3.51,-2.61
CN1CCN(CCOc2cc(OC3CCOCC3)c3c(Nc4c(Cl)ccc5c4OCO5)ncnc3c2)CC1,-3.95,-4.99,-2.91,-4.99,-2.91
Cc1cc(C(=O)Nc2cc(Oc3ccc4nc(NC(=O)C5CC5)cn4n3)ccc2C)n(C)n1,-5.08,-5.64,-4.52,-5.64,-4.52
COc1cc(Cc2cnc(N)nc2N)cc(OC)c1OC,-3.36,-3.97,-2.74,-3.97,-2.74
CCc1cc2c(c(OCC(F)(F)F)c(C(=O)NC3CCN(C(=O)CO)CC3)n2C)c(=O)n1CC(=O)c1ccccc1,-3.18,-3.58,-2.77,-3.58,-2.77
Cc1ccc(-c2ccc(C)cn2)nc1,-1.52,-2.45,-0.598,-2.45,-0.598
COc1cc(NCc2ccc3nc(N)nc(N)c3c2C)cc(OC)c1OC.O=C(O)[C@H]1O[C@H](O)[C@H](O)[C@@H](O)[C@@H]1O,-3.43,-3.97,-2.89,-3.97,-2.89
C[C@@H]1CCN(C(=O)CC#N)C[C@@H]1N(C)c1ncnc2[nH]ccc12,-1.2,-1.92,-0.49,-1.92,-0.49
CNC(=O)c1cccc2cc(Oc3ccnc4cc(OCC5(N)CC5)c(OC)cc34)ccc12,-4.83,-5.45,-4.2,-5.45,-4.2
Cc1ccc(F)c(NC(=O)Nc2ccc(-c3cccc4[nH]nc(N)c34)cc2)c1,-5.54,-6.54,-4.54,-6.54,-4.54
Nc1nc2[nH]cc(CCc3ccc(C(=O)N[C@@H](CCC(=O)O)C(=O)O)cc3)c2c(=O)[nH]1,-4.37,-5.02,-3.72,-5.02,-3.72
Cc1ccc(C(=O)Nc2ccc(CN3CCN(C)CC3)c(C(F)(F)F)c2)cc1C#Cc1cnc2[nH]ncc2c1,-3.64,-4.02,-3.25,-4.02,-3.25
C[C@@H]1C[C@H]2[C@@H]3CCC4=CC(=O)C=C[C@]4(C)C3=CC[C@]2(C)[C@@]1(O)C(=O)CO,-3.45,-4.55,-2.35,-4.55,-2.35
Nc1nc2[nH]cc(CCc3ccc(C(=O)N[C@@H](CCC(=O)[O-])C(=O)[O-])cc3)c2c(=O)[nH]1.[Na+].[Na+],-2.83,-3.44,-2.23,-3.44,-2.23
CN(C)[C@]1(c2ccccc2)CC[C@]2(CC1)OCCc1c3cc(F)ccc3[nH]c12,-5.53,-6.03,-5.03,-6.03,-5.03
O=C(CCCCCCNC(=O)c1cnc(N(c2ccccc2)c2ccccc2)nc1)NO,-3.43,-4.36,-2.5,-4.36,-2.5
C[C@H]1COc2c(C3(N)CC3)c(F)cc3c(=O)c(C(=O)O)cn1c23,-2.61,-3.74,-1.48,-3.74,-1.48
Cc1cc(Nc2ncc(Cl)c(Nc3ccccc3S(=O)(=O)C(C)C)n2)c(OC(C)C)cc1C1CCNCC1,-4.45,-4.85,-4.06,-4.85,-4.06
CNC(=O)CN1CCC(Oc2cc3c(Nc4cccc(Cl)c4F)ncnc3cc2OC)CC1,-3.22,-3.68,-2.76,-3.68,-2.76
NC(=O)c1ncn([C@@H]2O[C@H](CO)[C@@H](O)[C@H]2O)c1O,-0.908,-1.8,-0.0193,-1.8,-0.0193
COc1cc2/c(=N/c3ccc(Br)cc3F)nc[nH]c2cc1OCC1CCN(C)CC1,-4.32,-4.89,-3.76,-4.89,-3.76
CC1(C)CCC(C)(C)c2cc(NC(=O)c3ccc(C(=O)O)cc3)ccc21,-6.26,-7.35,-5.17,-7.35,-5.17
C(=N/NC1=NCCN1)\c1c2ccccc2c(/C=N/NC2=NCCN2)c2ccccc12,-5.36,-5.96,-4.76,-5.96,-4.76
NC(=O)c1c(OCc2c(F)cc(Br)cc2F)nsc1NC(=O)NCCCCN1CCCC1,-1.61,-2.37,-0.85,-2.37,-0.85
CN1CCC(Nc2ncc3ncnc(Nc4ccc(F)c(Cl)c4)c3n2)CC1,-4.02,-4.65,-3.4,-4.65,-3.4
Cn1c(COP(=O)(NCCBr)NCCBr)cnc1[N+](=O)[O-],-1.29,-1.79,-0.784,-1.79,-0.784
Cc1cc2c(F)c(Oc3ncnn4cc(OC[C@@H](C)OC(=O)[C@H](C)N)c(C)c34)ccc2[nH]1,-2.16,-2.52,-1.79,-2.52,-1.79
Nc1ccccc1NC(=O)c1ccc(CNc2nccc(-c3cccnc3)n2)cc1,-2.07,-2.7,-1.45,-2.7,-1.45
Cc1[nH]c(/C=C2\C(=O)Nc3ccccc32)c(C)c1CCC(=O)O,-3.68,-4.59,-2.77,-4.59,-2.77
Cc1cc(C)c(/C=C2\C(=O)Nc3ccccc32)[nH]1,-3.82,-4.73,-2.92,-4.73,-2.92
COc1cc(Nc2c(C#N)cnc3cc(OCCCN4CCN(C)CC4)c(OC)cc23)c(Cl)cc1Cl,-4.77,-5.44,-4.11,-5.44,-4.11
COc1ccc(/C=C\c2cc(OC)c(OC)c(OC)c2)cc1OP(=O)([O-])[O-].[Na+].[Na+],-2.88,-4.18,-1.58,-4.18,-1.58
CC1CS(=O)(=O)CCN1/N=C/c1ccc([N+](=O)[O-])o1,-2.84,-3.44,-2.24,-3.44,-2.24
NC(=O)N1CCC(CC(=O)N2CCC([C@H]3c4ncc(Br)cc4CCc4cc(Cl)cc(Br)c43)CC2)CC1,-3.81,-4.43,-3.2,-4.43,-3.2
CCS(=O)(=O)O.COC(=O)c1ccc2c(c1)NC(=O)/C2=C(\Nc1ccc(N(C)C(=O)CN2CCN(C)CC2)cc1)c1ccccc1,-2.14,-2.69,-1.58,-2.69,-1.58
CN1CCN(C2CCN(C(=O)Nc3cc(Oc4ccc(NC(=O)C5(C(=O)Nc6ccc(F)cc6)CC5)c(F)c4)ccn3)CC2)CC1,-5.52,-5.92,-5.12,-5.92,-5.12
CC(C)[C@@H](CS(=O)(=O)C(C)C)N1C(=O)[C@@](C)(CC(=O)O)C[C@H](c2cccc(Cl)c2)[C@H]1c1ccc(Cl)cc1,-6.16,-6.54,-5.78,-6.54,-5.78
Cc1c(Cc2ccccc2)nnc(N2CCN(c3cnc(C(C)(C)O)cn3)[C@H](C)C2)c1C,-3.05,-3.51,-2.59,-3.51,-2.59
NC(=O)c1cnc2[nH]ccc2c1N[C@@H]1[C@@H]2CC3C[C@H]1C[C@@](O)(C3)C2,-2.89,-3.43,-2.34,-3.43,-2.34
COc1ccc2c3c1O[C@H]1C(OC(=O)c4ccccc4)=CC[C@@H]4[C@@H](C2)N(C)CC[C@@]341.Cl,-3.11,-3.65,-2.57,-3.65,-2.57
Cc1c(C(=O)Nc2ccc(N3C[C@@H](C)O[C@@H](C)C3)nc2)cccc1-c1ccc(OC(F)(F)F)cc1.O=P(O)(O)O.O=P(O)(O)O,-6.14,-7.37,-4.9,-7.37,-4.9
COCC1(CO)C(=O)C2CCN1CC2,-0.238,-1.01,0.531,-1.01,0.531
CN(Cc1cnc2nc(N)nc(N)c2n1)c1ccc(C(=O)N[C@@H](CCC(=O)[O-])C(=O)[O-])cc1.[Na+].[Na+],-2.27,-2.85,-1.7,-2.85,-1.7
CC[C@H](C)n1cc(C)c2c(C(=O)NCc3c(C)cc(C)[nH]c3=O)cc(-c3ccc(N4CCNCC4)nc3)cc21,-4.04,-4.48,-3.61,-4.48,-3.61
O=C(Nc1nc2cccc(-c3ccc(CN4CCS(=O)(=O)CC4)cc3)n2n1)C1CC1,-3.43,-4.25,-2.6,-4.25,-2.6
COC(=O)N[C@@H](C)CNc1nccc(-c2cn(C(C)C)nc2-c2cc(Cl)cc(NS(C)(=O)=O)c2F)n1,-4.57,-5.03,-4.12,-5.03,-4.12
CC[C@H](CC#N)OC(=O)N[C@@H](C)c1cccc(NC(=O)Nc2ccc(-c3cnco3)c(OC)c2)c1,-4.04,-4.72,-3.36,-4.72,-3.36
C=CC(=O)Nc1cc(Nc2nccc(-c3cn(C)c4ccccc34)n2)c(OC)cc1N(C)CCN(C)C,-4.38,-4.96,-3.81,-4.96,-3.81
CCN(CC)CCNc1ccc2ncn3c4ccc(O)cc4c(=O)c1c23,-2.11,-2.72,-1.5,-2.72,-1.5
CCN(c1cc(-c2ccc(CN3CCOCC3)cc2)cc(C(=O)NCc2c(C)cc(C)[nH]c2=O)c1C)C1CCOCC1,-2.78,-3.27,-2.29,-3.27,-2.29
COc1cc2c(cc1OC)CN(CCc1ccc(NC(=O)c3cc(OC)c(OC)cc3NC(=O)c3cnc4ccccc4c3)cc1)CC2,-5.8,-6.36,-5.23,-6.36,-5.23
COc1cc(C(=O)C(=O)N2CCCC[C@H]2C(=O)OC(CCCc2cccnc2)CCCc2cccnc2)cc(OC)c1OC,-0.228,-0.773,0.316,-0.773,0.316
COc1cc2c(Nc3ccc(Cl)c(Cl)c3F)ncnc2cc1OC[C@@H]1C[C@@H]2CN(C)C[C@@H]2C1,-4.96,-5.6,-4.31,-5.6,-4.31
COC(=O)Nc1nc2cc(C3(O)c4ccccc4C(=O)N3c3cc(Cl)ccc3C)ccc2[nH]1,-5.32,-6.26,-4.37,-6.26,-4.37
C=CC(=O)Nc1cc(Nc2nccc(-c3cn(C)c4ccccc34)n2)c(OC)cc1N(C)CCN(C)C.CS(=O)(=O)O,-2.31,-2.84,-1.77,-2.84,-1.77
COc1ccc(Br)cc1NC(=O)Nc1cccc2c1ccn2Cc1ccnc(N)c1,-5.17,-6.1,-4.23,-6.1,-4.23
CCn1c(C(=O)N(C2CC2)C2CC2)cc2c3c(ncn3C)c(Nc3cc(C)n(C)n3)nc21,-1.9,-2.39,-1.41,-2.39,-1.41
COc1cc2ncnc(Nc3ccc(F)c(Cl)c3)c2cc1OCCN1CC2(CC2)C2(C1)OCCO2,-4.89,-5.51,-4.27,-5.51,-4.27
Cc1cc(Nc2nc(C(O)c3ccc(F)cc3)nc3ccccc23)n[nH]1,-3.65,-4.2,-3.11,-4.2,-3.11
CC(=O)O[C@@]12CO[C@@H]1C[C@H](O)[C@@]1(C)C(=O)[C@H](O)C3=C(C)[C@@H](OC(=O)[C@H](O)[C@@H](NC(=O)OC(C)(C)C)c4ccccc4)C[C@@](O)([C@@H](OC(=O)c4ccccc4)[C@H]21)C3(C)C.O.O.O,-6.3,-7.68,-4.93,-7.68,-4.93
C=CC(=O)Nc1cccc(Nc2nc(Nc3ccc(N4CCN(C(C)=O)CC4)cc3OC)ncc2C(F)(F)F)c1,-6.34,-6.97,-5.71,-6.97,-5.71
COc1cc(N2CCC(N3CCN(C)CC3)CC2)ccc1Nc1ncc(Cl)c(Nc2ccccc2P(C)(C)=O)n1,-5.86,-6.36,-5.37,-6.36,-5.37
O=C(Nc1ccc(-c2ccnc(Nc3ccc(N4CCOCC4)cc3)n2)cc1)C1CCCN1,-3.67,-4.76,-2.58,-4.76,-2.58
Cc1cc(C(=O)Nc2cc(Nc3ccc4c(/C=C/c5ccccn5)n[nH]c4c3)ccc2F)n(C)n1,-3.56,-4.22,-2.91,-4.22,-2.91
O=C(Nc1cc(Oc2cc(F)c(NC(=O)C3(C(=O)Nc4ccc(F)cc4)CC3)cc2F)ccn1)C1CC1,-6.57,-6.98,-6.16,-6.98,-6.16
COc1cccc(Nc2ncnn3ccc(CN4CC[C@@H](N)[C@H](O)C4)c23)c1,-1.75,-2.24,-1.25,-2.24,-1.25
CNCc1ccc(C)c(NC(=O)c2ccc(Nc3nc(-c4ccccc4)c4ccccc4n3)cc2)c1,-1.99,-3.86,-0.108,-3.86,-0.108
Cc1ncc(NC(=O)c2ccc(CN3CCN(C)CC3)c(C(F)(F)F)c2)cc1Nc1nccc(-c2cccnc2)n1,-0.793,-1.3,-0.287,-1.3,-0.287
CS(=O)(=O)O.N#CC1(c2ccc(NC(=O)c3cccnc3NCc3ccncc3)cc2)CCCC1,-1.93,-2.93,-0.927,-2.93,-0.927
Nc1ccn([C@@H]2CO[C@H](CO)O2)c(=O)n1,-0.98,-1.8,-0.156,-1.8,-0.156
CCc1nc(N)nc(N)c1-c1ccc(Cl)cc1,-4.57,-5.37,-3.77,-5.37,-3.77
N=C(N)c1ccc(OCCCCCOc2ccc(C(=N)N)cc2)cc1.O=S(=O)(O)CCO.O=S(=O)(O)CCO,0.722,-0.262,1.71,-0.262,1.71
CC[C@@H]1CN(C(=O)NCC(F)(F)F)C[C@@H]1c1cnc2cnc3[nH]ccc3n12,-3.45,-4.03,-2.86,-4.03,-2.86
COc1cc2ncnc(Nc3cccc(Cl)c3F)c2cc1OC(=O)N1CCN(C)C[C@H]1C,-2.74,-3.17,-2.32,-3.17,-2.32
Cc1cccc(Cn2nc(C3CC3)c3c(NC(=O)c4cnc5cc(OCCN6CCN(C)CC6)ccn45)cccc32)n1,-3.19,-3.69,-2.69,-3.69,-2.69
CCOc1cc2ncc(C#N)c(Nc3ccc(OCc4ccccn4)c(Cl)c3)c2cc1NC(=O)/C=C/[C@H]1CCCN1C,-5.06,-5.59,-4.53,-5.59,-4.53
COc1ncc(-c2nc3c(n2C(C)C)[C@H](c2ccc(Cl)cc2)N(c2cc(Cl)cn(C)c2=O)C3=O)c(OC)n1,-4.22,-4.58,-3.85,-4.58,-3.85
C=CC(=O)N1CC[C@@H](Oc2nc(Nc3ccc(N4CCC(N5CCN(C)CC5)CC4)cc3)c(C(N)=O)nc2CC)C1,-2.69,-3.38,-2.0,-3.38,-2.0
CC1(C)CC=C(c2nc(C3CC(C)(C)OC(C)(C)C3)ccc2NC(=O)c2nc(C#N)c[nH]2)CC1,-6.19,-6.77,-5.61,-6.77,-5.61
CC(C)(C)c1cc(-c2cc(-c3ccc(C(=O)O)cc3)ccc2OCCO)ccc1N1CCCC1,-5.9,-7.28,-4.53,-7.28,-4.53
CCc1cc2c(cc1N1CCC(N3CCOCC3)CC1)C(C)(C)c1[nH]c3cc(C#N)ccc3c1C2=O.Cl,-7.7,-8.59,-6.81,-8.59,-6.81
C[C@@H]1O[C@@H](O[C@@H]2[C@@H](NC(=O)c3cc(=O)[nH]c(=O)[nH]3)C[C@@H](C(=O)NCCNC(=O)COCCOCC(=O)Nc3cc(S(=O)(=O)O)cc4cc(S(=O)(=O)O)cc(S(=O)(=O)O)c34)C[C@H]2O[C@@H]2O[C@H](CO)[C@H](O)[C@H](O[C@@H](CC3CCCCC3)C(=O)O)[C@H]2OC(=O)c2ccccc2)[C@@H](O)[C@H](O)[C@@H]1O,-2.99,-3.39,-2.59,-3.39,-2.59
Cc1cc2c(F)c(Oc3ncnn4cc(OC[C@@H](C)O)c(C)c34)ccc2[nH]1,-1.81,-2.33,-1.3,-2.33,-1.3
CC[C@]1(O)C[C@@H]2CN(CCc3c([nH]c4ccccc34)[C@@](C(=O)OC)(c3cc4c(cc3OC)N(C)[C@H]3[C@@](O)(C(=O)OC)[C@H](OC(C)=O)[C@]5(CC)C=CCN6CC[C@]43[C@@H]65)C2)C1.O=S(=O)(O)O,-3.75,-4.29,-3.22,-4.29,-3.22
C=CC(=O)N1C[C@H](COc2nc(Nc3cnn(C)c3)nc3[nH]cc(Cl)c23)[C@@H](OC)C1,-3.21,-3.98,-2.44,-3.98,-2.44
C=CC(=O)Nc1cccc(Oc2nc(Nc3ccc(N4CCN(C)CC4)cc3)nc3ccsc23)c1,-5.68,-6.16,-5.2,-6.16,-5.2
Cc1cc(C(=O)Nc2nc3cccc(Cl)c3n2[C@@H]2CCCCN(C(=O)/C=C/CN(C)C)C2)ccn1,-1.41,-2.36,-0.473,-2.36,-0.473
Nc1nc(Nc2ccc3c(c2)CC[C@@H](N2CCCC2)CC3)nn1-c1cc2c(nn1)-c1ccccc1CCC2,-4.84,-5.51,-4.16,-5.51,-4.16
FC(F)(F)c1ccc(CNc2ccc(Cc3c[nH]c4ncc(Cl)cc34)cn2)cn1,-5.87,-6.48,-5.25,-6.48,-5.25
C[C@@H](CC(C(=O)N1CCCC1)(c1ccccc1)c1ccccc1)N1CCOCC1,-3.04,-3.97,-2.11,-3.97,-2.11
CC[C@H](C)[C@@H]([C@@H](CC(=O)N1CCC[C@H]1[C@H](OC)[C@@H](C)C(=O)N[C@@H](Cc1ccccc1)c1nccs1)OC)N(C)C(=O)[C@@H](NC(=O)[C@H](C(C)C)N(C)C)C(C)C,-2.18,-2.63,-1.72,-2.63,-1.72
c1ccc2nc3ccccc3cc2c1,-3.3,-4.75,-1.86,-4.75,-1.86
Cc1c(C(=O)Nc2ccc(Oc3ccnc4cc(OCC(C)(C)O)ccc34)c(F)c2)c(=O)n(-c2ccccc2)n1C,-5.91,-6.44,-5.38,-6.44,-5.38
Nc1cncc(-c2cn3ccnc3c(Nc3ccc(N4CCN(C5COC5)CC4)cc3)n2)n1,-5.32,-5.94,-4.7,-5.94,-4.7
Nc1ccn([C@@H]2O[C@H](CO)[C@@H](O)/C2=C\F)c(=O)n1.O,-2.16,-3.04,-1.27,-3.04,-1.27
CC[C@H](C)[C@@H]([C@@H](CC(=O)N1CCC[C@H]1[C@H](OC)[C@@H](C)C(=O)NCCc1ccccc1)OC)N(C)C(=O)[C@@H](NC(=O)[C@H](C(C)C)N(C)C)C(C)C,-2.53,-3.09,-1.98,-3.09,-1.98
COc1cc(Nc2ncc(F)c(Nc3ccc4c(n3)N(COP(=O)([O-])[O-])C(=O)C(C)(C)O4)n2)cc(OC)c1OC.O.O.O.O.O.O.[Na+].[Na+],-2.91,-4.54,-1.28,-4.54,-1.28
COc1cc2nc(N3CCN(C(=O)C4CCCO4)CC3)nc(N)c2cc1OC.Cl.O.O,-2.15,-3.74,-0.558,-3.74,-0.558
COc1ccc2c3c1O[C@H]1C(=O)CC[C@H]4[C@@H](C2)N(C)CC[C@]314.O.O.O=C(O)C(O)C(O)C(=O)O,-2.15,-2.86,-1.45,-2.86,-1.45
CC1(C)N=C(N)N=C(N)N1c1ccc(Cl)cc1.CC1(C)N=C(N)N=C(N)N1c1ccc(Cl)cc1.O=C(O)c1cc2ccccc2c(Cc2c(O)c(C(=O)O)cc3ccccc23)c1O,-4.77,-5.23,-4.31,-5.23,-4.31
CC(C)Oc1ccc(-c2nn([C@@H](C)c3oc4ccc(F)cc4c(=O)c3-c3cccc(F)c3)c3ncnc(N)c23)cc1F.Cc1ccc(S(=O)(=O)O)cc1,-5.53,-5.96,-5.1,-5.96,-5.1
CC(C)(O)CNc1nc(Nc2ccnc(C(F)(F)F)c2)nc(-c2cccc(C(F)(F)F)n2)n1,-3.55,-4.4,-2.7,-4.4,-2.7
COCCNCc1ccc(-c2cc3nccc(Oc4ccc(NC(=S)NC(=O)Cc5ccc(F)cc5)cc4F)c3s2)nc1,-4.98,-5.43,-4.54,-5.43,-4.54
CCOc1cc2ncc(C#N)c(Nc3ccc(OCc4ccccn4)c(Cl)c3)c2cc1NC(=O)/C=C/CN(C)C.O=C(O)/C=C\C(=O)O,-4.67,-5.35,-3.98,-5.35,-3.98
NC(CO)(CO)CO.NC(CO)(CO)CO.Nc1nc(=O)c2c(CCc3ccc(C(=O)N[C@@H](CCC(=O)O)C(=O)O)cc3)c[nH]c2[nH]1.O.O,-2.37,-2.86,-1.88,-2.86,-1.88
C=CC(=O)N[C@@H]1CN(c2nc(Nc3cn(C)nc3OC)c3ncn(C)c3n2)C[C@H]1F,-2.06,-2.58,-1.55,-2.58,-1.55
Cl.FC(F)(F)c1ccc(CNc2ccc(Cc3c[nH]c4ncc(Cl)cc34)cn2)cn1,-5.18,-5.83,-4.53,-5.83,-4.53
Cc1cc(-c2cc(OC(=O)c3ccccc3)ccc2Cl)cc2nnc(Nc3ccc(OCCN4CCCC4)cc3)nc12,-5.96,-7.39,-4.53,-7.39,-4.53
O=C(Nc1cccc(C(F)(F)F)c1)c1cccc2cc(Oc3cc(CO)ncn3)ccc12,-6.63,-7.17,-6.09,-7.17,-6.09
CCN1[C@@H](C(=O)NC23CCC(C(=O)O)(CC2)CC3)[C@H](c2cccc(Cl)c2F)[C@]2(C(=O)Nc3cc(Cl)ccc32)C12CCCCC2,-5.69,-6.09,-5.29,-6.09,-5.29
CCS(=O)(=O)N1CCN(c2ccc(Nc3ncc(C(N)=O)c(NC4CC4)n3)cc2)CC1,-3.48,-4.24,-2.72,-4.24,-2.72
Cc1ccc(C(=O)NNC(=O)c2c(C)cccc2Cl)cc1C#Cc1cnc2ccccc2c1,-4.85,-5.39,-4.3,-5.39,-4.3
COc1c2occc2cc2ccc(=O)oc12,-2.89,-3.51,-2.28,-3.51,-2.28
Cc1cc([C@H](C)Nc2nccc(N3C(=O)OC[C@@H]3[C@@H](C)F)n2)ncc1-c1ccnc(C(F)(F)F)c1,-4.95,-5.59,-4.32,-5.59,-4.32
Cn1cc(-c2cc3c(N4CCN(c5ncc([C@@](C)(N)c6ccc(F)cc6)cn5)CC4)ncnn3c2)cn1,-4.08,-4.71,-3.46,-4.71,-3.46
C[C@H]1C[C@@H](n2c(Nc3ccc(OC(F)(F)F)cc3)nc3cc(CCC(=O)O)ccc32)CC(C)(C)C1,-5.76,-7.12,-4.4,-7.12,-4.4
O=C(Nc1ccc(OC(F)(F)Cl)cc1)c1cnc(N2CC[C@@H](O)C2)c(-c2cc[nH]n2)c1,-5.93,-6.31,-5.54,-6.31,-5.54
O=C1CCc2c(Oc3ccc4c(c3)[C@@H]3[C@H](O4)[C@H]3c3nc4cc(C(F)(F)F)ccc4[nH]3)ccnc2N1,-7.34,-7.97,-6.71,-7.97,-6.71
CCn1c(=O)c(-c2cc(NC(=O)Nc3ccccc3)c(F)cc2Br)cc2cnc(NC)cc21,-6.62,-7.57,-5.67,-7.57,-5.67
COC(=O)Nc1nc2cc([S+]([O-])c3ccccc3)ccc2[nH]1,-3.77,-5.81,-1.74,-5.81,-1.74
COc1ccc(Cl)c(Nc2ncnc3cc(OCC4CCN(C)CC4)c(OC)cc23)c1,-3.69,-4.38,-3.01,-4.38,-3.01
CN(CCCl)CCCl,-1.13,-1.79,-0.478,-1.79,-0.478
C[C@@H](Nc1nc(N[C@H](C)C(F)(F)F)nc(-c2cccc(Cl)n2)n1)C(F)(F)F,-4.52,-5.17,-3.87,-5.17,-3.87
CC(=O)O[C@H]1C(=O)[C@@]2(C)[C@H]([C@H](OC(=O)c3ccccc3)[C@]3(O)C[C@H](OC(=O)[C@H](O)[C@@H](NC(=O)c4ccccc4)c4ccccc4)C(C)=C1C3(C)C)[C@]1(OC(C)=O)CO[C@@H]1C[C@@H]2O,-6.18,-6.86,-5.49,-6.86,-5.49
COc1ccc2c3c1O[C@H]1[C@@H](O)C=C[C@H]4[C@@H](C2)N(C)CC[C@@]341.COc1ccc2c3c1O[C@H]1[C@@H](O)C=C[C@H]4[C@@H](C2)N(C)CC[C@@]341.O.O.O.O=S(=O)(O)O,-1.97,-2.66,-1.27,-2.66,-1.27
Cc1cc2cc(Oc3ccnc(Nc4cccc(CS(=O)(=O)NCCN(C)C)c4)n3)ccc2[nH]1,-4.62,-5.09,-4.14,-5.09,-4.14
Cc1cnc(Nc2ccc(OCCN3CCCC3)cc2)nc1Nc1cccc(S(=O)(=O)NC(C)(C)C)c1.Cl.Cl.O,-3.19,-4.06,-2.31,-4.06,-2.31
Cl.O=C(Nc1ccc(OC(F)(F)Cl)cc1)c1cnc(N2CC[C@@H](O)C2)c(-c2cc[nH]n2)c1,-5.24,-5.64,-4.83,-5.64,-4.83
COc1nc(C(Cl)(Cl)Cl)c(Cl)c(OC(=O)O[C@H]2CC[C@@]3(C)C(=CC[C@H]4[C@@H]5CC[C@H]([C@H](C)CCCC(C)C)[C@@]5(C)CC[C@@H]43)C2)c1Cl,-11.6,-12.2,-11.0,-12.2,-11.0
C=CC(=O)Nc1cc(Nc2nccc(-c3cn(C)c4ccccc34)n2)c(OCC(F)(F)F)nc1N(C)CCN(C)C,-4.19,-4.58,-3.79,-4.58,-3.79
CCCCCCCOC(=O)NC1=NC(=O)N([C@H]2C[C@H](O)[C@@H](CO)O2)CN1,-4.17,-5.05,-3.3,-5.05,-3.3
COc1c(C)cc2c(c1O)[C@@H]1[C@@H]3Cc4c(OC(C)=O)c(C)c5c(c4[C@H](CNC(=O)/C=C/c4cccc(C(F)(F)F)c4)N3[C@@H](O)[C@H](C2)N1C)OCO5,-3.63,-4.07,-3.19,-4.07,-3.19
C[C@H]1CN(C(=O)CC#N)[C@]12CCN(c1ncnc3[nH]ccc13)C2,-3.25,-3.81,-2.69,-3.81,-2.69
O=C(NCCS)c1cccc(C(=O)NCCS)c1,-3.53,-4.46,-2.61,-4.46,-2.61
Cc1cn(-c2cc(NC(=O)c3ccc(C)c(Nc4nccc(-c5cnccn5)n4)c3)cc(C(F)(F)F)c2)cn1,-3.31,-4.3,-2.33,-4.3,-2.33
N[C@@H](CC(=O)Nc1ccn([C@@H]2O[C@H](CO)[C@@H](O)[C@@H]2O)c(=O)n1)C(=O)O,-1.77,-2.36,-1.17,-2.36,-1.17
C/C=C\C[C@@H](C/C=C\NC(=O)[C@@H](NC(=O)/C=C\C=C/C(C)=C/[C@H](C)[C@@H]1CC=C(OC)C(=O)O1)C(C)(C)C)OC(N)=O,-2.83,-3.37,-2.28,-3.37,-2.28
C=CC(=O)Nc1cccc(Oc2nc(Nc3ccc(N4CCN(C)CC4)c(F)c3)nc3[nH]ccc23)c1,-4.87,-5.35,-4.4,-5.35,-4.4
C=CC(=O)Nc1cccc(Oc2nc(Nc3ccc(N4CCN(C)CC4)c(F)c3)nc3[nH]ccc23)c1.O.O.O=C(O)/C=C\C(=O)O,-5.16,-5.85,-4.46,-5.85,-4.46
O=C(Nc1nc2cccc(-c3ccc(CN4CCS(=O)(=O)CC4)cc3)n2n1)C1CC1.O=C(O)/C=C\C(=O)O,-3.06,-4.02,-2.1,-4.02,-2.1
COc1cc2c(Oc3ccc4[nH]c(C)cc4c3F)ccnc2cc1OCC1(N)CC1,-4.05,-4.69,-3.41,-4.69,-3.41
CNC(=O)c1c(C)oc2cc(Oc3ncnc4cc(OC)c(OC)cc34)ccc12,-4.21,-4.74,-3.69,-4.74,-3.69
C[C@H](Nc1cc(-c2cnn(C)c2)cc(Nc2cnccn2)n1)c1ccc(F)cc1,-2.84,-3.44,-2.25,-3.44,-2.25
O=C(c1c(F)ccc(NS(=O)(=O)N2CC[C@@H](F)C2)c1F)c1c[nH]c2ncc(-c3cnc(C4CC4)nc3)cc12,-6.71,-7.13,-6.29,-7.13,-6.29
Nc1cccc2c1C(=O)N(C1CCC(=O)NC1=O)C2=O,-2.46,-3.38,-1.54,-3.38,-1.54
CC1(C)CCC(c2ccc(Cl)cc2)=C(CN2CCN(c3ccc(C(=O)NS(=O)(=O)c4ccc(N[C@H](CCN5CCOCC5)CSc5ccccc5)c(S(=O)(=O)C(F)(F)F)c4)cc3)CC2)C1,-9.67,-10.3,-9.05,-10.3,-9.05
O[C@@H](COc1cccc2ncccc12)CN1CCN([C@@H]2c3ccccc3[C@@H]3[C@H](c4ccccc42)C3(F)F)CC1,-7.57,-8.21,-6.93,-8.21,-6.93
O[C@@H]([C@H](O)[C@H](O)CBr)[C@H](O)CBr,-0.807,-1.46,-0.158,-1.46,-0.158
COc1cc2c(cc1O)CCN[C@]21CS[C@@H]2c3c(OC(C)=O)c(C)c4c(c3[C@H](COC1=O)N1[C@@H]2[C@H]2c3c(cc(C)c(OC)c3O)C[C@@H]([C@@H]1O)N2C)OCO4,-3.49,-3.92,-3.06,-3.92,-3.06
COc1cc([C@@H]2c3cc4c(cc3[C@@H](O[C@@H]3O[C@@H]5CO[C@@H](c6cccs6)O[C@H]5[C@H](O)[C@H]3O)[C@H]3COC(=O)[C@H]23)OCO4)cc(OC)c1O,-4.79,-5.35,-4.23,-5.35,-4.23
C=CC(=O)N1CCN(c2nc(=O)n(-c3c(C)ccnc3C(C)C)c3nc(-c4c(O)cccc4F)c(F)cc23)[C@@H](C)C1,-3.38,-3.92,-2.84,-3.92,-2.84
C=CC(=O)Nc1cc(Nc2nccc(-n3cc(CN(C)C)c(-c4ccccc4)n3)n2)c(OC)cc1N1CCOCC1,-3.05,-3.78,-2.33,-3.78,-2.33
COc1ccc(CN2C3CC2CN(c2ccc(-c4cc(OCC(C)(C)O)cn5ncc(C#N)c45)cn2)C3)cn1,-3.53,-3.97,-3.08,-3.97,-3.08
CO[C@]1(C(=O)N[C@@H](C)c2ccc(-n3cc(F)cn3)nc2)CC[C@H](c2nc(C)cc(Nc3cc(C)[nH]n3)n2)CC1,-3.59,-4.02,-3.16,-4.02,-3.16
Cn1cc(-c2nc(N[C@@H]3CCCC[C@@H]3N)c(F)c3c2C(=O)NC3)cn1.O=C(O)CC(O)(CC(=O)O)C(=O)O,-1.3,-1.99,-0.605,-1.99,-0.605
Br.CCN(c1cc(-c2ccc(CN3CCOCC3)cc2)cc(C(=O)NCc2c(C)cc(C)[nH]c2=O)c1C)C1CCOCC1,-2.08,-2.55,-1.61,-2.55,-1.61
N#CCC1CCN(c2nc(Nc3ccc(N4CCC(O)CC4)cc3)c3c(=O)[nH]ncc3n2)CC1,-3.69,-4.39,-2.98,-4.39,-2.98
COc1cc2c(cc1OC)CN(CCc1ccc(-n3nnc(-c4cc(OC)c(OC)cc4NC(=O)c4cc(=O)c5ccccc5o4)n3)cc1)CC2,-4.74,-5.46,-4.01,-5.46,-4.01
C=C(F)C(=O)N1CCN(c2nc(OC[C@@H]3CCCN3C)nc3c2CCN(c2cccc4cccc(Cl)c24)C3)C[C@@H]1CC#N,-5.73,-6.2,-5.27,-6.2,-5.27
CCOC(=O)/C=C(C)/C=C/C=C(C)/C=C/c1c(C)cc(OC)c(C)c1C,-4.64,-5.38,-3.9,-5.38,-3.9
C=CC(=O)N[C@H]1C=C(C)c2c(-c3cnc4ccccc4c3)c3c(N)ncnc3n2C1,-3.96,-4.55,-3.37,-4.55,-3.37
CC(C)(C)N.Cc1cn(C(=O)c2c(-c3c(Cl)cc(Cl)cc3Cl)noc2C(C)(C)F)c2cccc(/C=C/C(=O)O)c12,-5.48,-5.94,-5.03,-5.94,-5.03
CCCNc1nc(Nc2ccc(C#N)cc2)ncc1C#CCCCNC(=O)[C@H](C)N(C)C(=O)/C=C/CN(C)C,-1.19,-1.64,-0.74,-1.64,-0.74
C=CC(=O)Nc1cc(Nc2ncc(C(=O)OC(C)C)c(-c3cn(C)c4ccccc34)n2)c(OC)cc1N(C)CCN(C)C,-5.05,-5.56,-4.53,-5.56,-4.53
COc1ccc(-c2cncc(N[C@@H](C)c3cccc(NC(=O)c4cncc(C)c4)c3)n2)cc1OC,-3.85,-4.2,-3.5,-4.2,-3.5
Cc1cc(Nc2cc3ncccc3c(N[C@@H]3C[C@H]4CC[C@@H](C3)N4CCC#N)n2)n[nH]1,-3.48,-4.01,-2.94,-4.01,-2.94
C[C@@H]1OCC2(CCN(c3cnc(Sc4ccnc(N)c4Cl)c(N)n3)CC2)[C@@H]1N,-4.42,-4.87,-3.98,-4.87,-3.98
Cc1cn(C(=O)c2c(-c3c(Cl)cc(Cl)cc3Cl)noc2C(C)(C)F)c2cccc(/C=C/C(=O)O)c12,-6.83,-7.27,-6.39,-7.27,-6.39
O=C1CCC(N2C(=O)c3ccccc3C2=O)C(=O)N1,-2.88,-3.81,-1.95,-3.81,-1.95
CS(=O)(=O)c1ccc(C(=O)Nc2ccc(Cl)c(-c3ccccn3)c2)c(Cl)c1,-5.03,-5.54,-4.51,-5.54,-4.51
COc1cc(Nc2ncc(F)c(Nc3ccc4c(n3)NC(=O)C(C)(C)O4)n2)cc(OC)c1OC,-4.73,-5.56,-3.9,-5.56,-3.9
CN(C)/N=N/c1[nH]cnc1C(N)=O,-0.957,-1.87,-0.0397,-1.87,-0.0397
C=CC(=O)Nc1cc(Nc2nccc(-c3cn(C4CC4)c4ccccc34)n2)c(OC)cc1N(C)CCN(C)C,-4.94,-5.54,-4.33,-5.54,-4.33
Cc1ccc(Nc2nccc(N(C)c3ccc4c(C)n(C)nc4c3)n2)cc1S(N)(=O)=O,-2.64,-3.31,-1.98,-3.31,-1.98
Nc1ncc(-c2ccncc2)nc1Nc1ccc2[nH]ccc2c1,-2.72,-3.53,-1.91,-3.53,-1.91
CCc1cc(O)ccc1-c1ccc2c(-c3nc4c([nH]3)C[C@@H](C(=O)N3CC(N(C)C)C3)N(C(C)C)C4)n[nH]c2c1,-3.49,-3.91,-3.07,-3.91,-3.07
C=CC(=O)Nc1cc(Nc2ncc(C(=O)OC(C)C)c(-c3cn(C)c4ccccc34)n2)c(OC)cc1N(C)CCN(C)C.O=C(O)CCC(=O)O,-4.17,-4.77,-3.57,-4.77,-3.57
CC(=O)[C@]1(N)Cc2c(O)c3c(c(O)c2[C@@H](O[C@H]2C[C@H](O)[C@H](O)CO2)C1)C(=O)c1ccccc1C3=O.Cl,-2.62,-3.43,-1.81,-3.43,-1.81
Cc1cc(Nc2cc(N3CCN(C)CC3)nc(/C=C/c3ccccc3)n2)n[nH]1,-4.6,-5.18,-4.03,-5.18,-4.03
COc1cc2c(Oc3ccc4[nH]c(C)cc4c3F)ncnc2cc1OCCCN1CCCC1,-3.6,-4.31,-2.88,-4.31,-2.88
O=C(Nc1c[nH]nc1-c1nc2ccc(CN3CCOCC3)cc2[nH]1)NC1CC1,-0.99,-1.41,-0.566,-1.41,-0.566
O=C(Nc1ccncc1)C(=O)c1cn(Cc2ccc(Cl)cc2)c2ccccc12,-4.4,-4.9,-3.9,-4.9,-3.9
Oc1c(I)cc(Cl)c2cccnc12,-4.26,-5.11,-3.4,-5.11,-3.4
Cc1ncc([N+](=O)[O-])n1CC(C)O,-0.902,-1.57,-0.235,-1.57,-0.235
COC(=O)c1ccc2c(c1)NC(=O)/C2=C(\Nc1ccc(N(C)C(=O)CN2CCN(C)CC2)cc1)c1ccccc1,-3.58,-4.24,-2.92,-4.24,-2.92
Nc1n[n+]([O-])c2ccccc2[n+]1[O-],-0.817,-1.87,0.239,-1.87,0.239
COc1ccc2c(Oc3ccc4c(C(=O)Nc5ccccc5N)cccc4c3)ccnc2c1,-6.91,-7.63,-6.2,-7.63,-6.2
CS(=O)(=O)N1CCC(c2ccc(-c3ncc4nccnc4c3NC[C@@H]3CNCCO3)cc2)CC1,-2.97,-3.81,-2.12,-3.81,-2.12
C1=C/COCc2cc(ccc2OCCN2CCCC2)Nc2nccc(n2)-c2cccc(c2)COC/1.O=C(O)CC(O)(CC(=O)O)C(=O)O,-4.05,-5.68,-2.41,-5.68,-2.41
O=NN(CCCl)C(=O)NCCCl,-1.9,-2.65,-1.14,-2.65,-1.14
CC[C@@H]1C(=O)N(C)c2cnc(Nc3ccc(C(=O)NC4CCN(C)CC4)cc3OC)nc2N1C1CCCC1,-3.88,-4.39,-3.36,-4.39,-3.36
O=NN(CCCl)C(=O)NC1CCCCC1,-3.05,-4.07,-2.02,-4.07,-2.02
O=C(O)CCCc1ccc(N(CCCl)CCCl)cc1,-3.43,-4.13,-2.72,-4.13,-2.72
Oc1cccc(Nc2ncc(F)c(Nc3cccc(O)c3)n2)c1,-1.84,-2.78,-0.902,-2.78,-0.902
CN1CCN(c2ccc3nc(-c4c(N)c5c(F)cccc5[nH]c4=O)[nH]c3c2)CC1,-2.89,-3.43,-2.35,-3.43,-2.35
Cn1cc(C2=C(c3cn(C)c4cc([N+](=O)[O-])ccc34)C(=O)NC2=O)c2ccccc21,-3.81,-4.33,-3.28,-4.33,-3.28
C#CCOc1ccc(Nc2nc(Nc3ccc(C)c(S(=O)(=O)NC(=O)CC)c3)ncc2F)cc1,-4.01,-4.65,-3.37,-4.65,-3.37
CCN1CCC(Nc2ccc3c(c2)/C(=C(\c2cccc(F)c2)c2nc(C)c[nH]2)C(=O)N3)CC1,-5.07,-5.64,-4.5,-5.64,-4.5
COc1ccc(C)cc1NC(=O)Nc1nc2ccc(Nc3ncnc4cc(OCCCN5CCN(C)CC5)c(OC)cc34)cc2s1,-5.99,-6.75,-5.23,-6.75,-5.23
C#Cc1cccc(Nc2ncnc3cc(OC)c(NC(=O)N4C[C@H]5CCN(C)[C@H]5C4)cc23)c1,-3.53,-4.03,-3.04,-4.03,-3.04
Nc1nc2[nH]cc(CCc3ccc(C(=O)N[C@@H](CCC(=O)O)C(=O)O)cc3)c2c(=O)[nH]1.O,-4.87,-5.62,-4.11,-5.62,-4.11
CC[C@@H]1CN(C(=O)NCC(F)(F)F)C[C@@H]1c1cnc2cnc3[nH]ccc3n12.CC[C@@H]1CN(C(=O)NCC(F)(F)F)C[C@@H]1c1cnc2cnc3[nH]ccc3n12.O,-4.98,-5.41,-4.56,-5.41,-4.56
CCN(CC)CCNC(=O)c1c(C)[nH]c(/C=C2\C(=O)Nc3ccc(F)cc32)c1C,-2.48,-3.09,-1.88,-3.09,-1.88
CC1=C2C[C@H]3[C@@H](CC[C@@H]4C[C@H](NS(C)(=O)=O)CC[C@@]43C)[C@@H]2CC[C@@]2(C1)O[C@@H]1C[C@H](C)CN[C@H]1[C@H]2C,-5.83,-6.49,-5.18,-6.49,-5.18
CCC1=C[C@@H]2CN(C1)Cc1c([nH]c3ccccc13)[C@@](C(=O)OC)(c1cc3c(cc1OC)N(C)[C@H]1[C@@](O)(C(=O)OC)[C@H](OC(C)=O)[C@]4(CC)C=CCN5CC[C@]31[C@@H]54)C2.O=C(O)C(O)C(O)C(=O)O.O=C(O)C(O)C(O)C(=O)O,-4.64,-5.26,-4.01,-5.26,-4.01
Cc1nc(Nc2ncc(C(=O)Nc3c(C)cccc3Cl)s2)cc(N2CCN(CCO)CC2)n1.O,-3.24,-3.79,-2.68,-3.79,-2.68
C=CC(=O)Nc1cc2c(Nc3ccc(F)c(Cl)c3)ncnc2cc1OCCCN1CCOCC1.Cl.Cl,-2.28,-2.79,-1.77,-2.79,-1.77
CC1=C(/C=C/C(C)=C/C=C/C(C)=C\C(=O)O)C(C)(C)CCC1,-4.41,-5.78,-3.04,-5.78,-3.04
O=C(O)c1ccc(-n2nc(-c3ccccc3O)nc2-c2ccccc2O)cc1,-3.46,-4.33,-2.59,-4.33,-2.59
CCC[C@H](Nc1nc(-c2ccc(NC(=O)NCC)c(OC)c2)ncc1C)c1cccnc1,-2.81,-3.39,-2.23,-3.39,-2.23
Nc1ccc2cc3ccc(N)cc3nc2c1,-0.184,-1.88,1.51,-1.88,1.51
Cn1c(Nc2ccc(C(F)(F)F)cc2)nc2cc(Oc3ccnc(-c4ncc(C(F)(F)F)[nH]4)c3)ccc21,-6.49,-7.06,-5.92,-7.06,-5.92
COC1=CC(=O)C[C@@H](C)[C@]12Oc1c(Cl)c(OC)cc(OC)c1C2=O,-3.99,-4.86,-3.12,-4.86,-3.12
CN1CCN(c2nc(C3=C(c4c[nH]c5ccccc45)C(=O)NC3=O)c3ccccc3n2)CC1,-4.02,-4.82,-3.22,-4.82,-3.22
O=C(Cc1ccc(-c2ccc(OCCN3CCOCC3)cc2)cn1)NCc1ccccc1,-3.79,-4.48,-3.1,-4.48,-3.1
O=C1CN(/N=C/c2ccc([N+](=O)[O-])o2)C(=O)N1,-3.5,-4.18,-2.82,-4.18,-2.82
COc1ccc(/C=C\c2cc(OC)c(OC)c(OC)c2)cc1NC(=O)[C@@H](N)CO,-4.14,-5.07,-3.22,-5.07,-3.22
CC1(C)CNc2cc(NC(=O)c3cccnc3NCc3ccncc3)ccc21,-4.28,-5.55,-3.01,-5.55,-3.01
CN[C@@H]1C[C@H]2O[C@@](C)([C@@H]1OC)n1c3ccccc3c3c4c(c5c6ccccc6n2c5c31)C(=O)N[C@H]4O,-4.85,-5.6,-4.1,-5.6,-4.1
COc1cc(Cc2cnc(N)nc2N)cc(OC)c1OC.Cc1cc(NS(=O)(=O)c2ccc(N)cc2)no1,-4.47,-4.84,-4.11,-4.84,-4.11
CCN1CCN(Cc2ccc(-c3cc4c(N[C@H](C)c5ccccc5)ncnc4[nH]3)cc2)CC1,-2.22,-3.31,-1.14,-3.31,-1.14
C[C@@H](Oc1cc(-c2cnn(C3CCNCC3)c2)cnc1N)c1c(Cl)ccc(F)c1Cl,-3.95,-4.45,-3.46,-4.45,-3.46
C[C@]12O[C@H](C[C@]1(O)CO)n1c3ccccc3c3c4c(c5c6ccccc6n2c5c31)CNC4=O,-4.77,-5.44,-4.1,-5.44,-4.1
COc1ccc2c3c1O[C@H]1[C@@H](O)C=C[C@H]4[C@@H](C2)N(C)CC[C@@]341.COc1ccc2c3c1O[C@H]1[C@@H](O)C=C[C@H]4[C@@H](C2)N(C)CC[C@@]341.O.O=P(O)(O)O.O=P(O)(O)O,-2.16,-2.87,-1.44,-2.87,-1.44
Nc1nc2[nH]cc(CCc3ccc(C(=O)N[C@@H](CCC(=O)[O-])C(=O)[O-])cc3)c2c(=O)[nH]1.[K+].[K+],-2.85,-3.69,-2.0,-3.69,-2.0
C=CC(=O)Nc1cc(Nc2nccc(-n3cc(CN(C)C)c(-c4ccccc4)n3)n2)c(OC)cc1N1CCOCC1.CS(=O)(=O)O.O,-1.54,-2.29,-0.791,-2.29,-0.791
CCOc1cc2ncc(C#N)c(Nc3ccc(F)c(Cl)c3)c2cc1NC(=O)/C=C/CN(C)C,-5.79,-6.2,-5.39,-6.2,-5.39
c1ccc2[nH]c(-c3cscn3)nc2c1,-3.73,-4.35,-3.1,-4.35,-3.1
C[C@H]1C[C@H]2[C@@H]3CCC4=CC(=O)C=C[C@]4(C)[C@@]3(F)[C@@H](O)C[C@]2(C)[C@@]1(O)C(=O)CO,-4.08,-5.1,-3.06,-5.1,-3.06
CN(C)c1ccc(C(=C2C=CC(=[N+](C)C)C=C2)c2ccc(N(C)C)cc2)cc1.[Cl-],-3.97,-5.89,-2.06,-5.89,-2.06
S=P(N1CC1)(N1CC1)N1CC1,-0.151,-0.943,0.642,-0.943,0.642
COC(=O)Nc1nc2cc(C(=O)c3ccccc3)ccc2[nH]1,-4.21,-5.63,-2.79,-5.63,-2.79
CC1=C(/C=C/C(C)=C\C=C\C(C)=C\C(=O)O)C(C)(C)CCC1,-4.41,-5.78,-3.04,-5.78,-3.04
Cn1c(/C=C/CO)c(CO)c2c1C(=O)C=C(N1CC1)C2=O,-1.04,-1.63,-0.458,-1.63,-0.458
COc1ccc(OC)c(Cc2cnc3nc(N)nc(N)c3c2C)c1,-5.39,-6.18,-4.6,-6.18,-4.6
O=c1[nH]c(=O)n([C@H]2C[C@H](O)[C@@H](CO)O2)cc1I,-1.97,-2.82,-1.13,-2.82,-1.13
Cn1nnc2c(C(N)=O)ncn2c1=O,-1.03,-2.12,0.0564,-2.12,0.0564
CS(=O)(=O)OCCCCOS(C)(=O)=O,-1.66,-3.38,0.0699,-3.38,0.0699
CC(C)NCC1CCc2cc(CO)c([N+](=O)[O-])cc2N1,-2.7,-3.61,-1.78,-3.61,-1.78
N[C@@H](Cc1ccc(N(CCCl)CCCl)cc1)C(=O)O,-3.26,-4.21,-2.32,-4.21,-2.32
COc1c(C)c2c(c(O)c1C/C=C(\C)CCC(=O)O)C(=O)OC2,-2.97,-3.85,-2.09,-3.85,-2.09
NC(=O)N/N=C/c1ccc([N+](=O)[O-])o1,-2.85,-3.4,-2.3,-3.4,-2.3
Nc1ccn([C@@H]2O[C@H](CO)[C@@H](O)C2(F)F)c(=O)n1,-1.72,-2.46,-0.986,-2.46,-0.986
COc1ccc(C[C@@H](C)[C@@H](C)Cc2ccc(OC)c(OC)c2)cc1OC,-3.34,-3.96,-2.72,-3.96,-2.72
COc1cc2ncnc(Nc3ccc(F)c(Cl)c3)c2cc1OCCCN1CCOCC1,-3.93,-4.58,-3.28,-4.58,-3.28
CC1(C)O[C@@H]2C[C@H]3[C@@H]4C[C@H](F)C5=CC(=O)C=C[C@]5(C)[C@@]4(F)[C@@H](O)C[C@]3(C)[C@]2(C(=O)CO)O1,-5.34,-6.26,-4.43,-6.26,-4.43
