gene_symbol,druggability,uniprot_url,opentargets_url
NR3C1,Yes,https://www.uniprot.org/uniprotkb/P04150,https://platform.opentargets.org/target/ENSG00000113580
GUCY1B1,Yes,https://www.uniprot.org/uniprotkb/Q02153,https://platform.opentargets.org/target/ENSG00000061918
C5,No,https://www.uniprot.org/uniprotkb/P01031,https://platform.opentargets.org/target/ENSG00000106804
IL6R,No,https://www.uniprot.org/uniprotkb/P08887,https://platform.opentargets.org/target/ENSG00000160712
TNF,Yes,https://www.uniprot.org/uniprotkb/P01375,https://platform.opentargets.org/target/ENSG00000232810
PTGS2,Yes,https://www.uniprot.org/uniprotkb/P35354,https://platform.opentargets.org/target/ENSG00000073756
SERPINC1,Yes,https://www.uniprot.org/uniprotkb/P01008,https://platform.opentargets.org/target/ENSG00000117601
RARG,Yes,https://www.uniprot.org/uniprotkb/P13631,https://platform.opentargets.org/target/ENSG00000172819
BTK,Yes,https://www.uniprot.org/uniprotkb/Q06187,https://platform.opentargets.org/target/ENSG00000010671
CYP3A4,Yes,https://www.uniprot.org/uniprotkb/P08684,https://platform.opentargets.org/target/ENSG00000160868
CCR5,Yes,https://www.uniprot.org/uniprotkb/P51681,https://platform.opentargets.org/target/ENSG00000160791
CCR2,Yes,https://www.uniprot.org/uniprotkb/P41597,https://platform.opentargets.org/target/ENSG00000121807
IL1B,No,https://www.uniprot.org/uniprotkb/P01584,https://platform.opentargets.org/target/ENSG00000125538
VDR,Yes,https://www.uniprot.org/uniprotkb/P11473,https://platform.opentargets.org/target/ENSG00000111424
TLR9,Yes,https://www.uniprot.org/uniprotkb/Q9NR96,https://platform.opentargets.org/target/ENSG00000239732
VEGFA,No,https://www.uniprot.org/uniprotkb/P15692,https://platform.opentargets.org/target/ENSG00000112715
OPRM1,Yes,https://www.uniprot.org/uniprotkb/P35372,https://platform.opentargets.org/target/ENSG00000112038
ADRA1A,Yes,https://www.uniprot.org/uniprotkb/P35348,https://platform.opentargets.org/target/ENSG00000120907
PDE4A,Yes,https://www.uniprot.org/uniprotkb/P27815,https://platform.opentargets.org/target/ENSG00000065989
CHRNB2,Yes,https://www.uniprot.org/uniprotkb/P17787,https://platform.opentargets.org/target/ENSG00000160716
F10,Yes,https://www.uniprot.org/uniprotkb/P00742,https://platform.opentargets.org/target/ENSG00000126218
P2RY12,Yes,https://www.uniprot.org/uniprotkb/Q9H244,https://platform.opentargets.org/target/ENSG00000169313
GABRA1,Yes,https://www.uniprot.org/uniprotkb/P14867,https://platform.opentargets.org/target/ENSG00000022355
KCNK10,Yes,https://www.uniprot.org/uniprotkb/P57789,https://platform.opentargets.org/target/ENSG00000100433
KCNK18,Yes,https://www.uniprot.org/uniprotkb/Q7Z418,https://platform.opentargets.org/target/ENSG00000186795
KCNK3,Yes,https://www.uniprot.org/uniprotkb/O14649,https://platform.opentargets.org/target/ENSG00000171303
KCNK9,Yes,https://www.uniprot.org/uniprotkb/Q9NPC2,https://platform.opentargets.org/target/ENSG00000169427
KCNK2,Yes,https://www.uniprot.org/uniprotkb/O95069,https://platform.opentargets.org/target/ENSG00000082482
AR,Yes,https://www.uniprot.org/uniprotkb/P10275,https://platform.opentargets.org/target/ENSG00000169083
AGTR1,Yes,https://www.uniprot.org/uniprotkb/P30556,https://platform.opentargets.org/target/ENSG00000144891
TLR7,Yes,https://www.uniprot.org/uniprotkb/Q9NYK1,https://platform.opentargets.org/target/ENSG00000196664
MMP7,Yes,https://www.uniprot.org/uniprotkb/P09237,https://platform.opentargets.org/target/ENSG00000137673
MMP8,Yes,https://www.uniprot.org/uniprotkb/P22894,https://platform.opentargets.org/target/ENSG00000118113
MMP13,Yes,https://www.uniprot.org/uniprotkb/P45452,https://platform.opentargets.org/target/ENSG00000137745
MMP1,Yes,https://www.uniprot.org/uniprotkb/P03956,https://platform.opentargets.org/target/ENSG00000196611
IL1R1,No,https://www.uniprot.org/uniprotkb/P14778,https://platform.opentargets.org/target/ENSG00000115594
ACE,Yes,https://www.uniprot.org/uniprotkb/P12821,https://platform.opentargets.org/target/ENSG00000159640
IFNAR1,No,https://www.uniprot.org/uniprotkb/P17181,https://platform.opentargets.org/target/ENSG00000142166
DPP4,Yes,https://www.uniprot.org/uniprotkb/P27487,https://platform.opentargets.org/target/ENSG00000197635
PLG,Yes,https://www.uniprot.org/uniprotkb/P00747,https://platform.opentargets.org/target/ENSG00000122194
FAAH,Yes,https://www.uniprot.org/uniprotkb/O00519,https://platform.opentargets.org/target/ENSG00000117480
TRPV1,Yes,https://www.uniprot.org/uniprotkb/Q8NER1,https://platform.opentargets.org/target/ENSG00000196689
IL17A,No,https://www.uniprot.org/uniprotkb/Q16552,https://platform.opentargets.org/target/ENSG00000112115
CSF2,No,https://www.uniprot.org/uniprotkb/P04141,https://platform.opentargets.org/target/ENSG00000164400
GRIN1,Yes,https://www.uniprot.org/uniprotkb/Q05586,https://platform.opentargets.org/target/ENSG00000176884
IL6,No,https://www.uniprot.org/uniprotkb/P05231,https://platform.opentargets.org/target/ENSG00000136244
HMGCR,Yes,https://www.uniprot.org/uniprotkb/P04035,https://platform.opentargets.org/target/ENSG00000113161
HRH2,Yes,https://www.uniprot.org/uniprotkb/P25021,https://platform.opentargets.org/target/ENSG00000113749
JAK1,Yes,https://www.uniprot.org/uniprotkb/P23458,https://platform.opentargets.org/target/ENSG00000162434
JAK2,Yes,https://www.uniprot.org/uniprotkb/O60674,https://platform.opentargets.org/target/ENSG00000096968
TUBB4B,Yes,https://www.uniprot.org/uniprotkb/P68371,https://platform.opentargets.org/target/ENSG00000188229
PDE5A,Yes,https://www.uniprot.org/uniprotkb/O76074,https://platform.opentargets.org/target/ENSG00000138735
IL10RB,No,https://www.uniprot.org/uniprotkb/Q08334,https://platform.opentargets.org/target/ENSG00000243646
PTGS1,Yes,https://www.uniprot.org/uniprotkb/P23219,https://platform.opentargets.org/target/ENSG00000095303
BLK,Yes,https://www.uniprot.org/uniprotkb/P51451,https://platform.opentargets.org/target/ENSG00000136573
CYP3A5,Yes,https://www.uniprot.org/uniprotkb/P20815,https://platform.opentargets.org/target/ENSG00000106258
HRH1,Yes,https://www.uniprot.org/uniprotkb/P35367,https://platform.opentargets.org/target/ENSG00000196639
PDE4B,Yes,https://www.uniprot.org/uniprotkb/Q07343,https://platform.opentargets.org/target/ENSG00000184588
PDE4D,Yes,https://www.uniprot.org/uniprotkb/Q08499,https://platform.opentargets.org/target/ENSG00000113448
PDGFRB,Yes,https://www.uniprot.org/uniprotkb/P09619,https://platform.opentargets.org/target/ENSG00000113721
SRPK2,Yes,https://www.uniprot.org/uniprotkb/P78362,https://platform.opentargets.org/target/ENSG00000135250
KIT,Yes,https://www.uniprot.org/uniprotkb/P10721,https://platform.opentargets.org/target/ENSG00000157404
GSK3B,Yes,https://www.uniprot.org/uniprotkb/P49841,https://platform.opentargets.org/target/ENSG00000082701
SRPK1,Yes,https://www.uniprot.org/uniprotkb/Q96SB4,https://platform.opentargets.org/target/ENSG00000096063
TYK2,Yes,https://www.uniprot.org/uniprotkb/P29597,https://platform.opentargets.org/target/ENSG00000105397
ABL1,Yes,https://www.uniprot.org/uniprotkb/P00519,https://platform.opentargets.org/target/ENSG00000097007
FER,Yes,https://www.uniprot.org/uniprotkb/P16591,https://platform.opentargets.org/target/ENSG00000151422
TBK1,Yes,https://www.uniprot.org/uniprotkb/Q9UHD2,https://platform.opentargets.org/target/ENSG00000183735
GSK3A,Yes,https://www.uniprot.org/uniprotkb/P49840,https://platform.opentargets.org/target/ENSG00000105723
DCLK3,Yes,https://www.uniprot.org/uniprotkb/Q9C098,https://platform.opentargets.org/target/ENSG00000163673
MAP3K7,Yes,https://www.uniprot.org/uniprotkb/O43318,https://platform.opentargets.org/target/ENSG00000135341
CYSLTR1,Yes,https://www.uniprot.org/uniprotkb/Q9Y271,https://platform.opentargets.org/target/ENSG00000173198
CHUK,Yes,https://www.uniprot.org/uniprotkb/O15111,https://platform.opentargets.org/target/ENSG00000213341
IKBKB,Yes,https://www.uniprot.org/uniprotkb/O14920,https://platform.opentargets.org/target/ENSG00000104365
CA6,Yes,https://www.uniprot.org/uniprotkb/P23280,https://platform.opentargets.org/target/ENSG00000131686
SLC6A4,Yes,https://www.uniprot.org/uniprotkb/P31645,https://platform.opentargets.org/target/ENSG00000108576
ACE2,Yes,https://www.uniprot.org/uniprotkb/Q9BYF1,https://platform.opentargets.org/target/ENSG00000130234
ADRA2A,Yes,https://www.uniprot.org/uniprotkb/P08913,https://platform.opentargets.org/target/ENSG00000150594
ADRA2B,Yes,https://www.uniprot.org/uniprotkb/P18089,https://platform.opentargets.org/target/ENSG00000274286
FASLG,No,https://www.uniprot.org/uniprotkb/P48023,https://platform.opentargets.org/target/ENSG00000117560
GLRA1,Yes,https://www.uniprot.org/uniprotkb/P23415,https://platform.opentargets.org/target/ENSG00000145888
LBH,No,https://www.uniprot.org/uniprotkb/Q53QV2,https://platform.opentargets.org/target/ENSG00000213626
CADM2,No,https://www.uniprot.org/uniprotkb/Q8N3J6,https://platform.opentargets.org/target/ENSG00000175161
CTRB2,No,https://www.uniprot.org/uniprotkb/Q6GPI1,https://platform.opentargets.org/target/ENSG00000168928
RPS23,No,https://www.uniprot.org/uniprotkb/P62266,https://platform.opentargets.org/target/ENSG00000186468
ISCU,No,https://www.uniprot.org/uniprotkb/Q9H1K1,https://platform.opentargets.org/target/ENSG00000136003
ST6GALNAC3,No,https://www.uniprot.org/uniprotkb/Q8NDV1,https://platform.opentargets.org/target/ENSG00000184005
RAE1,No,https://www.uniprot.org/uniprotkb/P78406,https://platform.opentargets.org/target/ENSG00000101146
NDC1,No,https://www.uniprot.org/uniprotkb/Q9BTX1,https://platform.opentargets.org/target/ENSG00000058804
SLC16A8,No,https://www.uniprot.org/uniprotkb/O95907,https://platform.opentargets.org/target/ENSG00000100156
NDUFC1,No,https://www.uniprot.org/uniprotkb/O43677,https://platform.opentargets.org/target/ENSG00000109390
NDUFAF1,No,https://www.uniprot.org/uniprotkb/Q9Y375,https://platform.opentargets.org/target/ENSG00000137806
VPS16,No,https://www.uniprot.org/uniprotkb/Q9H269,https://platform.opentargets.org/target/ENSG00000215305
CHMP6,No,https://www.uniprot.org/uniprotkb/Q96FZ7,https://platform.opentargets.org/target/ENSG00000176108
VCP,Yes,https://www.uniprot.org/uniprotkb/P55072,https://platform.opentargets.org/target/ENSG00000165280
IRF3,No,https://www.uniprot.org/uniprotkb/Q14653,https://platform.opentargets.org/target/ENSG00000126456
HSPG2,No,https://www.uniprot.org/uniprotkb/P98160,https://platform.opentargets.org/target/ENSG00000142798
TUFM,No,https://www.uniprot.org/uniprotkb/P49411,https://platform.opentargets.org/target/ENSG00000178952
GABRG1,Yes,https://www.uniprot.org/uniprotkb/Q8N1C3,https://platform.opentargets.org/target/ENSG00000163285
AJAP1,No,https://www.uniprot.org/uniprotkb/Q9UKB5,https://platform.opentargets.org/target/ENSG00000196581
NDUFB1,No,https://www.uniprot.org/uniprotkb/O75438,https://platform.opentargets.org/target/ENSG00000183648
ST8SIA2,No,https://www.uniprot.org/uniprotkb/Q92186,https://platform.opentargets.org/target/ENSG00000140557
EYA4,No,https://www.uniprot.org/uniprotkb/O95677,https://platform.opentargets.org/target/ENSG00000112319
RAD51B,No,https://www.uniprot.org/uniprotkb/O15315,https://platform.opentargets.org/target/ENSG00000182185
DYNLRB2,No,https://www.uniprot.org/uniprotkb/Q8TF09,https://platform.opentargets.org/target/ENSG00000168589
PIK3C3,Yes,https://www.uniprot.org/uniprotkb/Q8NEB9,https://platform.opentargets.org/target/ENSG00000078142
ADRA1D,Yes,https://www.uniprot.org/uniprotkb/P25100,https://platform.opentargets.org/target/ENSG00000171873
MAN2A1,No,https://www.uniprot.org/uniprotkb/Q16706,https://platform.opentargets.org/target/ENSG00000112893
NDUFB9,No,https://www.uniprot.org/uniprotkb/Q9Y6M9,https://platform.opentargets.org/target/ENSG00000147684
AGRN,No,https://www.uniprot.org/uniprotkb/O00468,https://platform.opentargets.org/target/ENSG00000188157
MYB,No,https://www.uniprot.org/uniprotkb/P10242,https://platform.opentargets.org/target/ENSG00000118513
NUP54,No,https://www.uniprot.org/uniprotkb/Q7Z3B4,https://platform.opentargets.org/target/ENSG00000138750
YWHAE,No,https://www.uniprot.org/uniprotkb/P62258,https://platform.opentargets.org/target/ENSG00000108953
NDUFV3,No,https://www.uniprot.org/uniprotkb/P56181,https://platform.opentargets.org/target/ENSG00000160194
NUP85,No,https://www.uniprot.org/uniprotkb/Q9BW27,https://platform.opentargets.org/target/ENSG00000125450
ANO4,No,https://www.uniprot.org/uniprotkb/Q32M45,https://platform.opentargets.org/target/ENSG00000151572
DMD,No,https://www.uniprot.org/uniprotkb/P11532,https://platform.opentargets.org/target/ENSG00000198947
RANBP2,No,https://www.uniprot.org/uniprotkb/P49792,https://platform.opentargets.org/target/ENSG00000153201
C3,No,https://www.uniprot.org/uniprotkb/P01024,https://platform.opentargets.org/target/ENSG00000125730
B2M,No,https://www.uniprot.org/uniprotkb/P61769,https://platform.opentargets.org/target/ENSG00000166710
ST6GALNAC2,No,https://www.uniprot.org/uniprotkb/Q9UJ37,https://platform.opentargets.org/target/ENSG00000070731
GABRB3,Yes,https://www.uniprot.org/uniprotkb/P28472,https://platform.opentargets.org/target/ENSG00000166206
NPNT,No,https://www.uniprot.org/uniprotkb/Q6UXI9,https://platform.opentargets.org/target/ENSG00000168743
EFNA5,No,https://www.uniprot.org/uniprotkb/P52803,https://platform.opentargets.org/target/ENSG00000184349
TOMM70,No,https://www.uniprot.org/uniprotkb/O94826,https://platform.opentargets.org/target/ENSG00000154174
MUC4,No,https://www.uniprot.org/uniprotkb/Q99102,https://platform.opentargets.org/target/ENSG00000145113
MT-ND4,Yes,https://www.uniprot.org/uniprotkb/P03905,https://platform.opentargets.org/target/ENSG00000198886
UBA52,No,https://www.uniprot.org/uniprotkb/P62987,https://platform.opentargets.org/target/ENSG00000221983
RPS18,No,https://www.uniprot.org/uniprotkb/P62269,https://platform.opentargets.org/target/ENSG00000231500
LAMB1,No,https://www.uniprot.org/uniprotkb/P07942,https://platform.opentargets.org/target/ENSG00000091136
FBRSL1,No,https://www.uniprot.org/uniprotkb/Q9HCM7,https://platform.opentargets.org/target/ENSG00000112787
MGAT4A,No,https://www.uniprot.org/uniprotkb/Q9UM21,https://platform.opentargets.org/target/ENSG00000071073
NDUFB7,No,https://www.uniprot.org/uniprotkb/P17568,https://platform.opentargets.org/target/ENSG00000099795
SEPTIN9,No,https://www.uniprot.org/uniprotkb/Q9UHD8,https://platform.opentargets.org/target/ENSG00000184640
AK5,No,https://www.uniprot.org/uniprotkb/Q9Y6K8,https://platform.opentargets.org/target/ENSG00000154027
TUBB4A,Yes,https://www.uniprot.org/uniprotkb/P04350,https://platform.opentargets.org/target/ENSG00000104833
TNFRSF10A,No,https://www.uniprot.org/uniprotkb/O00220,https://platform.opentargets.org/target/ENSG00000104689
DPP9,Yes,https://www.uniprot.org/uniprotkb/Q86TI2,https://platform.opentargets.org/target/ENSG00000142002
RPS4X,No,https://www.uniprot.org/uniprotkb/P62701,https://platform.opentargets.org/target/ENSG00000198034
SEH1L,No,https://www.uniprot.org/uniprotkb/Q96EE3,https://platform.opentargets.org/target/ENSG00000085415
DCC,No,https://www.uniprot.org/uniprotkb/P43146,https://platform.opentargets.org/target/ENSG00000187323
VPS45,No,https://www.uniprot.org/uniprotkb/Q9NRW7,https://platform.opentargets.org/target/ENSG00000136631
FUT8,No,https://www.uniprot.org/uniprotkb/Q9BYC5,https://platform.opentargets.org/target/ENSG00000033170
RDH5,No,https://www.uniprot.org/uniprotkb/Q92781,https://platform.opentargets.org/target/ENSG00000135437
GRIN3A,Yes,https://www.uniprot.org/uniprotkb/Q8TCU5,https://platform.opentargets.org/target/ENSG00000198785
NDUFS4,No,https://www.uniprot.org/uniprotkb/O43181,https://platform.opentargets.org/target/ENSG00000164258
SEMA3A,No,https://www.uniprot.org/uniprotkb/Q14563,https://platform.opentargets.org/target/ENSG00000075213
KPNA2,No,https://www.uniprot.org/uniprotkb/P52292,https://platform.opentargets.org/target/ENSG00000182481
CYP3A7,Yes,https://www.uniprot.org/uniprotkb/P24462,https://platform.opentargets.org/target/ENSG00000160870
GSG1L,No,https://www.uniprot.org/uniprotkb/Q6UXU4,https://platform.opentargets.org/target/ENSG00000169181
PARP10,No,https://www.uniprot.org/uniprotkb/Q53GL7,https://platform.opentargets.org/target/ENSG00000178685
RPS5,No,https://www.uniprot.org/uniprotkb/P46782,https://platform.opentargets.org/target/ENSG00000083845
LZTFL1,No,https://www.uniprot.org/uniprotkb/Q9NQ48,https://platform.opentargets.org/target/ENSG00000163818
ST3GAL3,No,https://www.uniprot.org/uniprotkb/Q11203,https://platform.opentargets.org/target/ENSG00000126091
ZDHHC8,No,https://www.uniprot.org/uniprotkb/Q9ULC8,https://platform.opentargets.org/target/ENSG00000099904
PIK3R4,Yes,https://www.uniprot.org/uniprotkb/Q99570,https://platform.opentargets.org/target/ENSG00000196455
VSTM2A,No,https://www.uniprot.org/uniprotkb/Q8TAG5,https://platform.opentargets.org/target/ENSG00000170419
NDUFA8,No,https://www.uniprot.org/uniprotkb/P51970,https://platform.opentargets.org/target/ENSG00000119421
PDPK1,Yes,https://www.uniprot.org/uniprotkb/O15530,https://platform.opentargets.org/target/ENSG00000140992
MGAT1,No,https://www.uniprot.org/uniprotkb/P26572,https://platform.opentargets.org/target/ENSG00000131446
RIGI,No,https://www.uniprot.org/uniprotkb/O95786,
PRR5L,No,https://www.uniprot.org/uniprotkb/Q6MZQ0,https://platform.opentargets.org/target/ENSG00000135362
NDUFS6,No,https://www.uniprot.org/uniprotkb/O75380,https://platform.opentargets.org/target/ENSG00000145494
GABRG2,Yes,https://www.uniprot.org/uniprotkb/P18507,https://platform.opentargets.org/target/ENSG00000113327
MAGT1,No,https://www.uniprot.org/uniprotkb/Q9H0U3,https://platform.opentargets.org/target/ENSG00000102158
RPS17,No,https://www.uniprot.org/uniprotkb/P08708,https://platform.opentargets.org/target/ENSG00000182774
NDUFB6,No,https://www.uniprot.org/uniprotkb/O95139,https://platform.opentargets.org/target/ENSG00000165264
MAN1B1,Yes,https://www.uniprot.org/uniprotkb/Q9UKM7,https://platform.opentargets.org/target/ENSG00000177239
NDUFA10,No,https://www.uniprot.org/uniprotkb/O95299,https://platform.opentargets.org/target/ENSG00000130414
CYP24A1,Yes,https://www.uniprot.org/uniprotkb/Q07973,https://platform.opentargets.org/target/ENSG00000019186
MGAT5,No,https://www.uniprot.org/uniprotkb/Q09328,https://platform.opentargets.org/target/ENSG00000152127
NDUFA5,No,https://www.uniprot.org/uniprotkb/Q16718,https://platform.opentargets.org/target/ENSG00000128609
YWHAB,No,https://www.uniprot.org/uniprotkb/P31946,https://platform.opentargets.org/target/ENSG00000166913
NDUFAB1,No,https://www.uniprot.org/uniprotkb/O14561,https://platform.opentargets.org/target/ENSG00000004779
NUP210,No,https://www.uniprot.org/uniprotkb/Q8TEM1,https://platform.opentargets.org/target/ENSG00000132182
DDX5,No,https://www.uniprot.org/uniprotkb/P17844,https://platform.opentargets.org/target/ENSG00000108654
PARP6,No,https://www.uniprot.org/uniprotkb/Q2NL67,https://platform.opentargets.org/target/ENSG00000137817
ANO10,No,https://www.uniprot.org/uniprotkb/Q9NW15,https://platform.opentargets.org/target/ENSG00000160746
GABRA2,Yes,https://www.uniprot.org/uniprotkb/P47869,https://platform.opentargets.org/target/ENSG00000151834
ADAMTS3,No,https://www.uniprot.org/uniprotkb/O15072,https://platform.opentargets.org/target/ENSG00000156140
MARCHF1,No,https://www.uniprot.org/uniprotkb/Q8TCQ1,https://platform.opentargets.org/target/ENSG00000145416
PALS1,No,https://www.uniprot.org/uniprotkb/Q8N3R9,https://platform.opentargets.org/target/ENSG00000072415
XCR1,Yes,https://www.uniprot.org/uniprotkb/P46094,https://platform.opentargets.org/target/ENSG00000173578
RPS16,No,https://www.uniprot.org/uniprotkb/P62249,https://platform.opentargets.org/target/ENSG00000105193
NR1H2,Yes,https://www.uniprot.org/uniprotkb/P55055,https://platform.opentargets.org/target/ENSG00000131408
PPARGC1A,No,https://www.uniprot.org/uniprotkb/Q9UBK2,https://platform.opentargets.org/target/ENSG00000109819
NDUFA12,No,https://www.uniprot.org/uniprotkb/Q9UI09,https://platform.opentargets.org/target/ENSG00000184752
DDX60L,No,https://www.uniprot.org/uniprotkb/Q5H9U9,https://platform.opentargets.org/target/ENSG00000181381
DOK6,No,https://www.uniprot.org/uniprotkb/Q6PKX4,https://platform.opentargets.org/target/ENSG00000206052
STAT2,No,https://www.uniprot.org/uniprotkb/P52630,https://platform.opentargets.org/target/ENSG00000170581
TRIM29,No,https://www.uniprot.org/uniprotkb/Q14134,https://platform.opentargets.org/target/ENSG00000137699
FURIN,No,https://www.uniprot.org/uniprotkb/P09958,https://platform.opentargets.org/target/ENSG00000140564
PDZD2,No,https://www.uniprot.org/uniprotkb/O15018,https://platform.opentargets.org/target/ENSG00000133401
RPS27,Yes,https://www.uniprot.org/uniprotkb/P42677,https://platform.opentargets.org/target/ENSG00000177954
RPS10,No,https://www.uniprot.org/uniprotkb/P46783,https://platform.opentargets.org/target/ENSG00000124614
YWHAG,Yes,https://www.uniprot.org/uniprotkb/P61981,https://platform.opentargets.org/target/ENSG00000170027
BANK1,No,https://www.uniprot.org/uniprotkb/Q8NDB2,https://platform.opentargets.org/target/ENSG00000153064
HLA-A,Yes,https://www.uniprot.org/uniprotkb/P04439,https://platform.opentargets.org/target/ENSG00000206503
NDUFS8,No,https://www.uniprot.org/uniprotkb/O00217,https://platform.opentargets.org/target/ENSG00000110717
SUMO1,No,https://www.uniprot.org/uniprotkb/P63165,https://platform.opentargets.org/target/ENSG00000116030
BECN1,No,https://www.uniprot.org/uniprotkb/Q14457,https://platform.opentargets.org/target/ENSG00000126581
CHMP2B,No,https://www.uniprot.org/uniprotkb/Q9UQN3,https://platform.opentargets.org/target/ENSG00000083937
RB1,Yes,https://www.uniprot.org/uniprotkb/P06400,https://platform.opentargets.org/target/ENSG00000139687
PARP14,No,https://www.uniprot.org/uniprotkb/Q460N5,https://platform.opentargets.org/target/ENSG00000173193
GYPC,No,https://www.uniprot.org/uniprotkb/P04921,https://platform.opentargets.org/target/ENSG00000136732
FRMD5,No,https://www.uniprot.org/uniprotkb/Q7Z6J6,https://platform.opentargets.org/target/ENSG00000171877
RELN,No,https://www.uniprot.org/uniprotkb/P78509,https://platform.opentargets.org/target/ENSG00000189056
TKFC,No,https://www.uniprot.org/uniprotkb/Q3LXA3,https://platform.opentargets.org/target/ENSG00000149476
NDUFA9,No,https://www.uniprot.org/uniprotkb/Q16795,https://platform.opentargets.org/target/ENSG00000139180
GPC2,No,https://www.uniprot.org/uniprotkb/Q8N158,https://platform.opentargets.org/target/ENSG00000213420
NUP50,No,https://www.uniprot.org/uniprotkb/Q9UKX7,https://platform.opentargets.org/target/ENSG00000093000
UBB,No,https://www.uniprot.org/uniprotkb/P0CG47,https://platform.opentargets.org/target/ENSG00000170315
SP100,No,https://www.uniprot.org/uniprotkb/P23497,https://platform.opentargets.org/target/ENSG00000067066
RPN1,No,https://www.uniprot.org/uniprotkb/P04843,https://platform.opentargets.org/target/ENSG00000163902
GABRB1,Yes,https://www.uniprot.org/uniprotkb/P18505,https://platform.opentargets.org/target/ENSG00000163288
NUP155,No,https://www.uniprot.org/uniprotkb/O75694,https://platform.opentargets.org/target/ENSG00000113569
RPS4Y1,No,https://www.uniprot.org/uniprotkb/P22090,https://platform.opentargets.org/target/ENSG00000129824
RARA,Yes,https://www.uniprot.org/uniprotkb/P10276,https://platform.opentargets.org/target/ENSG00000131759
TAB3,No,https://www.uniprot.org/uniprotkb/Q8N5C8,https://platform.opentargets.org/target/ENSG00000157625
EPHA7,Yes,https://www.uniprot.org/uniprotkb/Q15375,https://platform.opentargets.org/target/ENSG00000135333
IL17RA,No,https://www.uniprot.org/uniprotkb/Q96F46,https://platform.opentargets.org/target/ENSG00000177663
NUP107,No,https://www.uniprot.org/uniprotkb/P57740,https://platform.opentargets.org/target/ENSG00000111581
JPH1,No,https://www.uniprot.org/uniprotkb/Q9HDC5,https://platform.opentargets.org/target/ENSG00000104369
ANO3,No,https://www.uniprot.org/uniprotkb/Q9BYT9,https://platform.opentargets.org/target/ENSG00000134343
GABRA6,Yes,https://www.uniprot.org/uniprotkb/Q16445,https://platform.opentargets.org/target/ENSG00000145863
SCARF2,No,https://www.uniprot.org/uniprotkb/Q96GP6,https://platform.opentargets.org/target/ENSG00000244486
UBE2I,No,https://www.uniprot.org/uniprotkb/P63279,https://platform.opentargets.org/target/ENSG00000103275
CCR1,Yes,https://www.uniprot.org/uniprotkb/P32246,https://platform.opentargets.org/target/ENSG00000163823
SDC2,No,https://www.uniprot.org/uniprotkb/P34741,https://platform.opentargets.org/target/ENSG00000169439
NTN1,No,https://www.uniprot.org/uniprotkb/O95631,https://platform.opentargets.org/target/ENSG00000065320
GABRE,Yes,https://www.uniprot.org/uniprotkb/P78334,https://platform.opentargets.org/target/ENSG00000102287
APOE,No,https://www.uniprot.org/uniprotkb/P02649,https://platform.opentargets.org/target/ENSG00000130203
ZDHHC9,No,https://www.uniprot.org/uniprotkb/Q9Y397,https://platform.opentargets.org/target/ENSG00000188706
RAP1GAP2,No,https://www.uniprot.org/uniprotkb/Q684P5,https://platform.opentargets.org/target/ENSG00000132359
RPS24,No,https://www.uniprot.org/uniprotkb/P62847,https://platform.opentargets.org/target/ENSG00000138326
ADRA1B,Yes,https://www.uniprot.org/uniprotkb/P35368,https://platform.opentargets.org/target/ENSG00000170214
TAB1,Yes,https://www.uniprot.org/uniprotkb/Q15750,https://platform.opentargets.org/target/ENSG00000100324
RPSA,No,https://www.uniprot.org/uniprotkb/P08865,https://platform.opentargets.org/target/ENSG00000168028
VPS33B,No,https://www.uniprot.org/uniprotkb/Q9H267,https://platform.opentargets.org/target/ENSG00000184056
ANTXR2,No,https://www.uniprot.org/uniprotkb/P58335,https://platform.opentargets.org/target/ENSG00000163297
ADCY5,Yes,https://www.uniprot.org/uniprotkb/O95622,https://platform.opentargets.org/target/ENSG00000173175
ZDHHC11,No,https://www.uniprot.org/uniprotkb/Q9H8X9,https://platform.opentargets.org/target/ENSG00000188818
RPS9,No,https://www.uniprot.org/uniprotkb/P46781,https://platform.opentargets.org/target/ENSG00000170889
TMEM163,No,https://www.uniprot.org/uniprotkb/Q8TC26,https://platform.opentargets.org/target/ENSG00000152128
CYP2R1,Yes,https://www.uniprot.org/uniprotkb/Q6VVX0,https://platform.opentargets.org/target/ENSG00000186104
MGAT4B,No,https://www.uniprot.org/uniprotkb/Q9UQ53,https://platform.opentargets.org/target/ENSG00000161013
GABRQ,Yes,https://www.uniprot.org/uniprotkb/Q9UN88,https://platform.opentargets.org/target/ENSG00000268089
G3BP1,No,https://www.uniprot.org/uniprotkb/Q13283,https://platform.opentargets.org/target/ENSG00000145907
THBS3,No,https://www.uniprot.org/uniprotkb/P49746,https://platform.opentargets.org/target/ENSG00000169231
NDUFA1,No,https://www.uniprot.org/uniprotkb/O15239,https://platform.opentargets.org/target/ENSG00000125356
HDDC2,No,https://www.uniprot.org/uniprotkb/Q7Z4H3,https://platform.opentargets.org/target/ENSG00000111906
MTHFD1L,No,https://www.uniprot.org/uniprotkb/Q6UB35,https://platform.opentargets.org/target/ENSG00000120254
S1PR4,Yes,https://www.uniprot.org/uniprotkb/O95977,https://platform.opentargets.org/target/ENSG00000125910
TAB2,No,https://www.uniprot.org/uniprotkb/Q9NYJ8,https://platform.opentargets.org/target/ENSG00000055208
ATP11A,No,https://www.uniprot.org/uniprotkb/P98196,https://platform.opentargets.org/target/ENSG00000068650
RPS20,No,https://www.uniprot.org/uniprotkb/P60866,https://platform.opentargets.org/target/ENSG00000008988
ADAMTS9,No,https://www.uniprot.org/uniprotkb/Q9P2N4,https://platform.opentargets.org/target/ENSG00000163638
DYNC2I1,No,https://www.uniprot.org/uniprotkb/Q8WVS4,https://platform.opentargets.org/target/ENSG00000126870
RPS13,No,https://www.uniprot.org/uniprotkb/P62277,https://platform.opentargets.org/target/ENSG00000110700
IFNAR2,No,https://www.uniprot.org/uniprotkb/P48551,https://platform.opentargets.org/target/ENSG00000159110
PARP8,No,https://www.uniprot.org/uniprotkb/Q8N3A8,https://platform.opentargets.org/target/ENSG00000151883
PROX1,No,https://www.uniprot.org/uniprotkb/Q92786,https://platform.opentargets.org/target/ENSG00000117707
BARX2,No,https://www.uniprot.org/uniprotkb/Q9UMQ3,https://platform.opentargets.org/target/ENSG00000043039
ANAPC4,No,https://www.uniprot.org/uniprotkb/Q9UJX5,https://platform.opentargets.org/target/ENSG00000053900
RARB,Yes,https://www.uniprot.org/uniprotkb/P10826,https://platform.opentargets.org/target/ENSG00000077092
NUP205,No,https://www.uniprot.org/uniprotkb/Q92621,https://platform.opentargets.org/target/ENSG00000155561
MOGS,No,https://www.uniprot.org/uniprotkb/Q13724,https://platform.opentargets.org/target/ENSG00000115275
OST4,No,https://www.uniprot.org/uniprotkb/P0C6T2,https://platform.opentargets.org/target/ENSG00000228474
NUP153,No,https://www.uniprot.org/uniprotkb/P49790,https://platform.opentargets.org/target/ENSG00000124789
SRGAP3,No,https://www.uniprot.org/uniprotkb/O43295,https://platform.opentargets.org/target/ENSG00000196220
CETP,Yes,https://www.uniprot.org/uniprotkb/P11597,https://platform.opentargets.org/target/ENSG00000087237
CHMP4A,No,https://www.uniprot.org/uniprotkb/Q9BY43,https://platform.opentargets.org/target/ENSG00000254505
ITPR3,Yes,https://www.uniprot.org/uniprotkb/Q14573,https://platform.opentargets.org/target/ENSG00000096433
DDOST,No,https://www.uniprot.org/uniprotkb/P39656,https://platform.opentargets.org/target/ENSG00000244038
ZMAT4,No,https://www.uniprot.org/uniprotkb/Q9H898,https://platform.opentargets.org/target/ENSG00000165061
ELF5,No,https://www.uniprot.org/uniprotkb/Q9UKW6,https://platform.opentargets.org/target/ENSG00000135374
ADCY7,No,https://www.uniprot.org/uniprotkb/P51828,https://platform.opentargets.org/target/ENSG00000121281
CYP3A43,Yes,https://www.uniprot.org/uniprotkb/Q9HB55,https://platform.opentargets.org/target/ENSG00000021461
AAAS,No,https://www.uniprot.org/uniprotkb/Q9NRG9,https://platform.opentargets.org/target/ENSG00000094914
CDIN1,No,https://www.uniprot.org/uniprotkb/Q9Y2V0,https://platform.opentargets.org/target/ENSG00000186073
NUP37,No,https://www.uniprot.org/uniprotkb/Q8NFH4,https://platform.opentargets.org/target/ENSG00000075188
NDUFA2,No,https://www.uniprot.org/uniprotkb/O43678,https://platform.opentargets.org/target/ENSG00000131495
CDH6,No,https://www.uniprot.org/uniprotkb/P55285,https://platform.opentargets.org/target/ENSG00000113361
MGAT2,No,https://www.uniprot.org/uniprotkb/Q10469,https://platform.opentargets.org/target/ENSG00000168282
FUBP1,No,https://www.uniprot.org/uniprotkb/Q96AE4,https://platform.opentargets.org/target/ENSG00000162613
YWHAZ,No,https://www.uniprot.org/uniprotkb/P63104,https://platform.opentargets.org/target/ENSG00000164924
OAS3,No,https://www.uniprot.org/uniprotkb/Q9Y6K5,https://platform.opentargets.org/target/ENSG00000111331
THSD4,No,https://www.uniprot.org/uniprotkb/Q6ZMP0,https://platform.opentargets.org/target/ENSG00000187720
PARP4,Yes,https://www.uniprot.org/uniprotkb/Q9UKK3,https://platform.opentargets.org/target/ENSG00000102699
CSNK1A1,Yes,https://www.uniprot.org/uniprotkb/P48729,https://platform.opentargets.org/target/ENSG00000113712
RPS15A,No,https://www.uniprot.org/uniprotkb/P62244,https://platform.opentargets.org/target/ENSG00000134419
MXI1,No,https://www.uniprot.org/uniprotkb/P50539,https://platform.opentargets.org/target/ENSG00000119950
HLA-G,No,https://www.uniprot.org/uniprotkb/P17693,https://platform.opentargets.org/target/ENSG00000204632
CREB5,No,https://www.uniprot.org/uniprotkb/Q02930,https://platform.opentargets.org/target/ENSG00000146592
ZDHHC2,No,https://www.uniprot.org/uniprotkb/Q9UIJ5,https://platform.opentargets.org/target/ENSG00000104219
NDUFB11,No,https://www.uniprot.org/uniprotkb/Q9NX14,https://platform.opentargets.org/target/ENSG00000147123
CACNA1A,Yes,https://www.uniprot.org/uniprotkb/O00555,https://platform.opentargets.org/target/ENSG00000141837
CHMP4C,No,https://www.uniprot.org/uniprotkb/Q96CF2,https://platform.opentargets.org/target/ENSG00000164695
EDNRA,Yes,https://www.uniprot.org/uniprotkb/P25101,https://platform.opentargets.org/target/ENSG00000151617
GABRA4,Yes,https://www.uniprot.org/uniprotkb/P48169,https://platform.opentargets.org/target/ENSG00000109158
MECOM,No,https://www.uniprot.org/uniprotkb/Q03112,https://platform.opentargets.org/target/ENSG00000085276
PALM2AKAP2,No,https://www.uniprot.org/uniprotkb/Q9Y2D5,https://platform.opentargets.org/target/ENSG00000157654
OSTC,No,https://www.uniprot.org/uniprotkb/Q9NRP0,https://platform.opentargets.org/target/ENSG00000198856
PRMT1,No,https://www.uniprot.org/uniprotkb/Q99873,https://platform.opentargets.org/target/ENSG00000126457
NDUFV1,No,https://www.uniprot.org/uniprotkb/P49821,https://platform.opentargets.org/target/ENSG00000167792
NDUFB4,No,https://www.uniprot.org/uniprotkb/O95168,https://platform.opentargets.org/target/ENSG00000065518
LIPC,Yes,https://www.uniprot.org/uniprotkb/P11150,https://platform.opentargets.org/target/ENSG00000166035
RPS2,No,https://www.uniprot.org/uniprotkb/P15880,https://platform.opentargets.org/target/ENSG00000140988
GPC6,No,https://www.uniprot.org/uniprotkb/Q9Y625,https://platform.opentargets.org/target/ENSG00000183098
ANO6,No,https://www.uniprot.org/uniprotkb/Q4KMQ2,https://platform.opentargets.org/target/ENSG00000177119
EDEM2,No,https://www.uniprot.org/uniprotkb/Q9BV94,https://platform.opentargets.org/target/ENSG00000088298
MNDA,No,https://www.uniprot.org/uniprotkb/P41218,https://platform.opentargets.org/target/ENSG00000163563
KLF12,No,https://www.uniprot.org/uniprotkb/Q9Y4X4,https://platform.opentargets.org/target/ENSG00000118922
UNC13C,No,https://www.uniprot.org/uniprotkb/Q8NB66,https://platform.opentargets.org/target/ENSG00000137766
HTATIP2,No,https://www.uniprot.org/uniprotkb/Q9BUP3,https://platform.opentargets.org/target/ENSG00000109854
NUP188,No,https://www.uniprot.org/uniprotkb/Q5SRE5,https://platform.opentargets.org/target/ENSG00000095319
HLA-B,No,https://www.uniprot.org/uniprotkb/P01889,https://platform.opentargets.org/target/ENSG00000234745
NDUFS7,No,https://www.uniprot.org/uniprotkb/O75251,https://platform.opentargets.org/target/ENSG00000115286
ZNF212,No,https://www.uniprot.org/uniprotkb/Q9UDV6,https://platform.opentargets.org/target/ENSG00000170260
NDUFA4,Yes,https://www.uniprot.org/uniprotkb/O00483,https://platform.opentargets.org/target/ENSG00000189043
EMCN,No,https://www.uniprot.org/uniprotkb/Q9ULC0,https://platform.opentargets.org/target/ENSG00000164035
GPC4,No,https://www.uniprot.org/uniprotkb/O75487,https://platform.opentargets.org/target/ENSG00000076716
HLA-C,No,https://www.uniprot.org/uniprotkb/P10321,https://platform.opentargets.org/target/ENSG00000204525
NDUFS3,No,https://www.uniprot.org/uniprotkb/O75489,https://platform.opentargets.org/target/ENSG00000213619
NDUFS2,No,https://www.uniprot.org/uniprotkb/O75306,https://platform.opentargets.org/target/ENSG00000158864
TPR,No,https://www.uniprot.org/uniprotkb/P12270,https://platform.opentargets.org/target/ENSG00000047410
ST3GAL2,No,https://www.uniprot.org/uniprotkb/Q16842,https://platform.opentargets.org/target/ENSG00000157350
TMEM258,No,https://www.uniprot.org/uniprotkb/P61165,https://platform.opentargets.org/target/ENSG00000134825
CTSL,Yes,https://www.uniprot.org/uniprotkb/P07711,https://platform.opentargets.org/target/ENSG00000135047
UBC,No,https://www.uniprot.org/uniprotkb/P0CG48,https://platform.opentargets.org/target/ENSG00000150991
GRIN2C,Yes,https://www.uniprot.org/uniprotkb/Q14957,https://platform.opentargets.org/target/ENSG00000161509
LMO7,No,https://www.uniprot.org/uniprotkb/Q8WWI1,https://platform.opentargets.org/target/ENSG00000136153
TNIP1,No,https://www.uniprot.org/uniprotkb/Q15025,https://platform.opentargets.org/target/ENSG00000145901
NUP133,No,https://www.uniprot.org/uniprotkb/Q8WUM0,https://platform.opentargets.org/target/ENSG00000069248
ZDHHC3,No,https://www.uniprot.org/uniprotkb/Q9NYG2,https://platform.opentargets.org/target/ENSG00000163812
TGFBR1,Yes,https://www.uniprot.org/uniprotkb/P36897,https://platform.opentargets.org/target/ENSG00000106799
MT-ND4L,No,https://www.uniprot.org/uniprotkb/P03901,https://platform.opentargets.org/target/ENSG00000212907
MT-ND1,No,https://www.uniprot.org/uniprotkb/P03886,https://platform.opentargets.org/target/ENSG00000198888
NUP62,No,https://www.uniprot.org/uniprotkb/P37198,https://platform.opentargets.org/target/ENSG00000213024
CHMP4B,No,https://www.uniprot.org/uniprotkb/Q9H444,https://platform.opentargets.org/target/ENSG00000101421
CAV1,No,https://www.uniprot.org/uniprotkb/Q03135,https://platform.opentargets.org/target/ENSG00000105974
NUP43,No,https://www.uniprot.org/uniprotkb/Q8NFH3,https://platform.opentargets.org/target/ENSG00000120253
RHOBTB1,No,https://www.uniprot.org/uniprotkb/O94844,https://platform.opentargets.org/target/ENSG00000072422
RPS4Y2,No,https://www.uniprot.org/uniprotkb/Q8TD47,https://platform.opentargets.org/target/ENSG00000280969
TUBB3,Yes,https://www.uniprot.org/uniprotkb/Q13509,https://platform.opentargets.org/target/ENSG00000258947
NDUFA6,No,https://www.uniprot.org/uniprotkb/P56556,https://platform.opentargets.org/target/ENSG00000184983
NDUFB8,No,https://www.uniprot.org/uniprotkb/O95169,https://platform.opentargets.org/target/ENSG00000166136
GABRA5,Yes,https://www.uniprot.org/uniprotkb/P31644,https://platform.opentargets.org/target/ENSG00000186297
GABRA3,Yes,https://www.uniprot.org/uniprotkb/P34903,https://platform.opentargets.org/target/ENSG00000011677
SPEF2,No,https://www.uniprot.org/uniprotkb/Q9C093,https://platform.opentargets.org/target/ENSG00000152582
CHRNA4,Yes,https://www.uniprot.org/uniprotkb/P43681,https://platform.opentargets.org/target/ENSG00000101204
VPS39,No,https://www.uniprot.org/uniprotkb/Q96JC1,https://platform.opentargets.org/target/ENSG00000166887
DNAH14,No,https://www.uniprot.org/uniprotkb/Q0VDD8,https://platform.opentargets.org/target/ENSG00000185842
PLSCR1,No,https://www.uniprot.org/uniprotkb/O15162,https://platform.opentargets.org/target/ENSG00000188313
NDUFV2,No,https://www.uniprot.org/uniprotkb/P19404,https://platform.opentargets.org/target/ENSG00000178127
SLC2A3,No,https://www.uniprot.org/uniprotkb/P11169,https://platform.opentargets.org/target/ENSG00000059804
VHL,No,https://www.uniprot.org/uniprotkb/P40337,https://platform.opentargets.org/target/ENSG00000134086
PIEZO2,No,https://www.uniprot.org/uniprotkb/Q9H5I5,https://platform.opentargets.org/target/ENSG00000154864
ANO7,No,https://www.uniprot.org/uniprotkb/Q6IWH7,https://platform.opentargets.org/target/ENSG00000146205
NUP88,No,https://www.uniprot.org/uniprotkb/Q99567,https://platform.opentargets.org/target/ENSG00000108559
PDE4C,Yes,https://www.uniprot.org/uniprotkb/Q08493,https://platform.opentargets.org/target/ENSG00000105650
STT3B,No,https://www.uniprot.org/uniprotkb/Q8TCJ2,https://platform.opentargets.org/target/ENSG00000163527
GPD2,Yes,https://www.uniprot.org/uniprotkb/P43304,https://platform.opentargets.org/target/ENSG00000115159
HLA-F,No,https://www.uniprot.org/uniprotkb/P30511,https://platform.opentargets.org/target/ENSG00000204642
GPC5,No,https://www.uniprot.org/uniprotkb/P78333,https://platform.opentargets.org/target/ENSG00000179399
VPS18,No,https://www.uniprot.org/uniprotkb/Q9P253,https://platform.opentargets.org/target/ENSG00000104142
MAP1LC3B,No,https://www.uniprot.org/uniprotkb/Q9GZQ8,https://platform.opentargets.org/target/ENSG00000140941
ANO1,No,https://www.uniprot.org/uniprotkb/Q5XXA6,https://platform.opentargets.org/target/ENSG00000131620
NUP98,No,https://www.uniprot.org/uniprotkb/P52948,https://platform.opentargets.org/target/ENSG00000110713
GRIN3B,Yes,https://www.uniprot.org/uniprotkb/O60391,https://platform.opentargets.org/target/ENSG00000116032
RPS28,No,https://www.uniprot.org/uniprotkb/P62857,https://platform.opentargets.org/target/ENSG00000233927
PRKCSH,No,https://www.uniprot.org/uniprotkb/P14314,https://platform.opentargets.org/target/ENSG00000130175
YWHAH,No,https://www.uniprot.org/uniprotkb/Q04917,https://platform.opentargets.org/target/ENSG00000128245
DTNB,No,https://www.uniprot.org/uniprotkb/O60941,https://platform.opentargets.org/target/ENSG00000138101
LIMD1,No,https://www.uniprot.org/uniprotkb/Q9UGP4,https://platform.opentargets.org/target/ENSG00000144791
METTL24,No,https://www.uniprot.org/uniprotkb/Q5JXM2,https://platform.opentargets.org/target/ENSG00000053328
SLC6A20,Yes,https://www.uniprot.org/uniprotkb/Q9NP91,https://platform.opentargets.org/target/ENSG00000163817
TJP1,No,https://www.uniprot.org/uniprotkb/Q07157,https://platform.opentargets.org/target/ENSG00000104067
HTRA1,No,https://www.uniprot.org/uniprotkb/Q92743,https://platform.opentargets.org/target/ENSG00000166033
SLC22A31,Yes,https://www.uniprot.org/uniprotkb/A6NKX4,https://platform.opentargets.org/target/ENSG00000259803
OAS1,No,https://www.uniprot.org/uniprotkb/P00973,https://platform.opentargets.org/target/ENSG00000089127
ANO8,No,https://www.uniprot.org/uniprotkb/Q9HCE9,https://platform.opentargets.org/target/ENSG00000074855
FARS2,Yes,https://www.uniprot.org/uniprotkb/O95363,https://platform.opentargets.org/target/ENSG00000145982
GNAQ,No,https://www.uniprot.org/uniprotkb/P50148,https://platform.opentargets.org/target/ENSG00000156052
NDUFB5,No,https://www.uniprot.org/uniprotkb/O43674,https://platform.opentargets.org/target/ENSG00000136521
GOLGA7,No,https://www.uniprot.org/uniprotkb/Q7Z5G4,https://platform.opentargets.org/target/ENSG00000147533
THSD7A,No,https://www.uniprot.org/uniprotkb/Q9UPZ6,https://platform.opentargets.org/target/ENSG00000005108
NDUFB2,No,https://www.uniprot.org/uniprotkb/O95178,https://platform.opentargets.org/target/ENSG00000090266
SHISA6,No,https://www.uniprot.org/uniprotkb/Q6ZSJ9,https://platform.opentargets.org/target/ENSG00000188803
MT-ND2,No,https://www.uniprot.org/uniprotkb/P03891,https://platform.opentargets.org/target/ENSG00000198763
BCR,Yes,https://www.uniprot.org/uniprotkb/P11274,https://platform.opentargets.org/target/ENSG00000186716
MASP1,No,https://www.uniprot.org/uniprotkb/P48740,https://platform.opentargets.org/target/ENSG00000127241
TUBB6,Yes,https://www.uniprot.org/uniprotkb/Q9BUF5,https://platform.opentargets.org/target/ENSG00000176014
GPC3,No,https://www.uniprot.org/uniprotkb/P51654,https://platform.opentargets.org/target/ENSG00000147257
PARP9,No,https://www.uniprot.org/uniprotkb/Q8IXQ6,https://platform.opentargets.org/target/ENSG00000138496
DAD1,No,https://www.uniprot.org/uniprotkb/P61803,https://platform.opentargets.org/target/ENSG00000129562
ZDHHC20,No,https://www.uniprot.org/uniprotkb/Q5W0Z9,https://platform.opentargets.org/target/ENSG00000180776
DPT,No,https://www.uniprot.org/uniprotkb/Q07507,https://platform.opentargets.org/target/ENSG00000143196
ANO5,No,https://www.uniprot.org/uniprotkb/Q75V66,https://platform.opentargets.org/target/ENSG00000171714
TUSC3,No,https://www.uniprot.org/uniprotkb/Q13454,https://platform.opentargets.org/target/ENSG00000104723
RPS8,No,https://www.uniprot.org/uniprotkb/P62241,https://platform.opentargets.org/target/ENSG00000142937
NUP58,No,https://www.uniprot.org/uniprotkb/Q9BVL2,https://platform.opentargets.org/target/ENSG00000139496
TRIM25,No,https://www.uniprot.org/uniprotkb/Q14258,https://platform.opentargets.org/target/ENSG00000121060
FRMD4A,No,https://www.uniprot.org/uniprotkb/Q9P2Q2,https://platform.opentargets.org/target/ENSG00000151474
SLC2A5,No,https://www.uniprot.org/uniprotkb/P22732,https://platform.opentargets.org/target/ENSG00000142583
NDUFA7,No,https://www.uniprot.org/uniprotkb/O95182,https://platform.opentargets.org/target/ENSG00000267855
NUP214,No,https://www.uniprot.org/uniprotkb/P35658,https://platform.opentargets.org/target/ENSG00000126883
NUP93,No,https://www.uniprot.org/uniprotkb/Q8N1F7,https://platform.opentargets.org/target/ENSG00000102900
ST6GAL1,No,https://www.uniprot.org/uniprotkb/P15907,https://platform.opentargets.org/target/ENSG00000073849
KCNIP4,No,https://www.uniprot.org/uniprotkb/Q6PIL6,https://platform.opentargets.org/target/ENSG00000185774
PHF14,No,https://www.uniprot.org/uniprotkb/O94880,https://platform.opentargets.org/target/ENSG00000106443
RPS3A,No,https://www.uniprot.org/uniprotkb/P61247,https://platform.opentargets.org/target/ENSG00000145425
MBL2,No,https://www.uniprot.org/uniprotkb/P11226,https://platform.opentargets.org/target/ENSG00000165471
POM121C,No,https://www.uniprot.org/uniprotkb/A8CG34,https://platform.opentargets.org/target/ENSG00000272391
CHMP2A,No,https://www.uniprot.org/uniprotkb/O43633,https://platform.opentargets.org/target/ENSG00000130724
ADAMTS17,No,https://www.uniprot.org/uniprotkb/Q8TE56,https://platform.opentargets.org/target/ENSG00000140470
ANO2,No,https://www.uniprot.org/uniprotkb/Q9NQ90,https://platform.opentargets.org/target/ENSG00000047617
RPS27A,No,https://www.uniprot.org/uniprotkb/P62979,https://platform.opentargets.org/target/ENSG00000143947
MYO10,No,https://www.uniprot.org/uniprotkb/Q9HD67,https://platform.opentargets.org/target/ENSG00000145555
MT-ND3,No,https://www.uniprot.org/uniprotkb/P03897,https://platform.opentargets.org/target/ENSG00000198840
ST6GALNAC4,No,https://www.uniprot.org/uniprotkb/Q9H4F1,https://platform.opentargets.org/target/ENSG00000136840
ESR1,Yes,https://www.uniprot.org/uniprotkb/P03372,https://platform.opentargets.org/target/ENSG00000091831
TUBB8,Yes,https://www.uniprot.org/uniprotkb/Q3ZCM7,https://platform.opentargets.org/target/ENSG00000261456
ATG14,No,https://www.uniprot.org/uniprotkb/Q6ZNE5,https://platform.opentargets.org/target/ENSG00000126775
NDUFAF3,No,https://www.uniprot.org/uniprotkb/Q9BU61,https://platform.opentargets.org/target/ENSG00000178057
FUT2,No,https://www.uniprot.org/uniprotkb/Q10981,https://platform.opentargets.org/target/ENSG00000176920
TUBB,Yes,https://www.uniprot.org/uniprotkb/P07437,https://platform.opentargets.org/target/ENSG00000196230
MT-ND5,No,https://www.uniprot.org/uniprotkb/P03915,https://platform.opentargets.org/target/ENSG00000198786
FUT6,No,https://www.uniprot.org/uniprotkb/P51993,https://platform.opentargets.org/target/ENSG00000156413
MT-ND6,No,https://www.uniprot.org/uniprotkb/P03923,https://platform.opentargets.org/target/ENSG00000198695
NLRP12,No,https://www.uniprot.org/uniprotkb/P59046,https://platform.opentargets.org/target/ENSG00000142405
GABRG3,Yes,https://www.uniprot.org/uniprotkb/Q99928,https://platform.opentargets.org/target/ENSG00000182256
NDUFS5,No,https://www.uniprot.org/uniprotkb/O43920,https://platform.opentargets.org/target/ENSG00000168653
YWHAQ,No,https://www.uniprot.org/uniprotkb/P27348,https://platform.opentargets.org/target/ENSG00000134308
CACNA2D1,Yes,https://www.uniprot.org/uniprotkb/P54289,https://platform.opentargets.org/target/ENSG00000153956
ADRA2C,Yes,https://www.uniprot.org/uniprotkb/P18825,https://platform.opentargets.org/target/ENSG00000184160
NDUFB3,No,https://www.uniprot.org/uniprotkb/O43676,https://platform.opentargets.org/target/ENSG00000119013
CHSY3,No,https://www.uniprot.org/uniprotkb/Q70JA7,https://platform.opentargets.org/target/ENSG00000198108
NDUFA13,No,https://www.uniprot.org/uniprotkb/Q9P0J0,https://platform.opentargets.org/target/ENSG00000186010
UVRAG,No,https://www.uniprot.org/uniprotkb/Q9P2Y5,https://platform.opentargets.org/target/ENSG00000198382
NRP1,No,https://www.uniprot.org/uniprotkb/O14786,https://platform.opentargets.org/target/ENSG00000099250
NDUFAF2,No,https://www.uniprot.org/uniprotkb/Q8N183,https://platform.opentargets.org/target/ENSG00000164182
CFH,No,https://www.uniprot.org/uniprotkb/P08603,https://platform.opentargets.org/target/ENSG00000000971
GANAB,Yes,https://www.uniprot.org/uniprotkb/Q14697,https://platform.opentargets.org/target/ENSG00000089597
FAU,No,https://www.uniprot.org/uniprotkb/P62861,https://platform.opentargets.org/target/ENSG00000149806
RPS21,No,https://www.uniprot.org/uniprotkb/P63220,https://platform.opentargets.org/target/ENSG00000171858
ANO9,No,https://www.uniprot.org/uniprotkb/A1A5B4,https://platform.opentargets.org/target/ENSG00000185101
CREBBP,Yes,https://www.uniprot.org/uniprotkb/Q92793,https://platform.opentargets.org/target/ENSG00000005339
GABRD,Yes,https://www.uniprot.org/uniprotkb/O14764,https://platform.opentargets.org/target/ENSG00000187730
NUP160,No,https://www.uniprot.org/uniprotkb/Q12769,https://platform.opentargets.org/target/ENSG00000030066
VPS41,No,https://www.uniprot.org/uniprotkb/P49754,https://platform.opentargets.org/target/ENSG00000006715
NDUFS1,No,https://www.uniprot.org/uniprotkb/P28331,https://platform.opentargets.org/target/ENSG00000023228
HLA-E,No,https://www.uniprot.org/uniprotkb/P13747,https://platform.opentargets.org/target/ENSG00000204592
SLFN5,No,https://www.uniprot.org/uniprotkb/Q08AF3,https://platform.opentargets.org/target/ENSG00000166750
RPS6,No,https://www.uniprot.org/uniprotkb/P62753,https://platform.opentargets.org/target/ENSG00000137154
RPS14,No,https://www.uniprot.org/uniprotkb/P62263,https://platform.opentargets.org/target/ENSG00000164587
CHMP7,No,https://www.uniprot.org/uniprotkb/Q8WUX9,https://platform.opentargets.org/target/ENSG00000147457
NDUFC2,No,https://www.uniprot.org/uniprotkb/O95298,https://platform.opentargets.org/target/ENSG00000151366
CTBP2,No,https://www.uniprot.org/uniprotkb/P56545,https://platform.opentargets.org/target/ENSG00000175029
RPS12,No,https://www.uniprot.org/uniprotkb/P25398,https://platform.opentargets.org/target/ENSG00000112306
NUP35,No,https://www.uniprot.org/uniprotkb/Q8NFH5,https://platform.opentargets.org/target/ENSG00000163002
ISG15,No,https://www.uniprot.org/uniprotkb/P05161,https://platform.opentargets.org/target/ENSG00000187608
SULT2A1,No,https://www.uniprot.org/uniprotkb/Q06520,https://platform.opentargets.org/target/ENSG00000105398
ST3GAL4,No,https://www.uniprot.org/uniprotkb/Q11206,https://platform.opentargets.org/target/ENSG00000110080
RGMA,No,https://www.uniprot.org/uniprotkb/Q96B86,https://platform.opentargets.org/target/ENSG00000182175
NDUFAF4,No,https://www.uniprot.org/uniprotkb/Q9P032,https://platform.opentargets.org/target/ENSG00000123545
NDUFA3,No,https://www.uniprot.org/uniprotkb/O95167,https://platform.opentargets.org/target/ENSG00000170906
CFHR1,No,https://www.uniprot.org/uniprotkb/Q03591,https://platform.opentargets.org/target/ENSG00000244414
ST3GAL1,No,https://www.uniprot.org/uniprotkb/Q11201,https://platform.opentargets.org/target/ENSG00000008513
SDC1,No,https://www.uniprot.org/uniprotkb/P18827,https://platform.opentargets.org/target/ENSG00000115884
POM121,No,https://www.uniprot.org/uniprotkb/Q96HA1,https://platform.opentargets.org/target/ENSG00000196313
SEC13,No,https://www.uniprot.org/uniprotkb/P55735,https://platform.opentargets.org/target/ENSG00000157020
ZCRB1,No,https://www.uniprot.org/uniprotkb/Q8TBF4,https://platform.opentargets.org/target/ENSG00000139168
RBFOX1,No,https://www.uniprot.org/uniprotkb/Q9NWB1,https://platform.opentargets.org/target/ENSG00000078328
ATP5PO,No,https://www.uniprot.org/uniprotkb/P48047,https://platform.opentargets.org/target/ENSG00000241837
RPS25,No,https://www.uniprot.org/uniprotkb/P62851,https://platform.opentargets.org/target/ENSG00000118181
STT3A,No,https://www.uniprot.org/uniprotkb/P46977,https://platform.opentargets.org/target/ENSG00000134910
TMPRSS2,No,https://www.uniprot.org/uniprotkb/O15393,https://platform.opentargets.org/target/ENSG00000184012
GALNT1,No,https://www.uniprot.org/uniprotkb/Q10472,https://platform.opentargets.org/target/ENSG00000141429
CEP57,No,https://www.uniprot.org/uniprotkb/Q86XR8,https://platform.opentargets.org/target/ENSG00000166037
CAT,No,https://www.uniprot.org/uniprotkb/P04040,https://platform.opentargets.org/target/ENSG00000121691
NDUFA11,No,https://www.uniprot.org/uniprotkb/Q86Y39,https://platform.opentargets.org/target/ENSG00000174886
RPS11,No,https://www.uniprot.org/uniprotkb/P62280,https://platform.opentargets.org/target/ENSG00000142534
STAT1,Yes,https://www.uniprot.org/uniprotkb/P42224,https://platform.opentargets.org/target/ENSG00000115415
RPS7,No,https://www.uniprot.org/uniprotkb/P62081,https://platform.opentargets.org/target/ENSG00000171863
VPS33A,No,https://www.uniprot.org/uniprotkb/Q96AX1,https://platform.opentargets.org/target/ENSG00000139719
CNTN6,No,https://www.uniprot.org/uniprotkb/Q9UQ52,https://platform.opentargets.org/target/ENSG00000134115
SNCA,Yes,https://www.uniprot.org/uniprotkb/P37840,https://platform.opentargets.org/target/ENSG00000145335
GABRB2,Yes,https://www.uniprot.org/uniprotkb/P47870,https://platform.opentargets.org/target/ENSG00000145864
TOX3,No,https://www.uniprot.org/uniprotkb/O15405,https://platform.opentargets.org/target/ENSG00000103460
ZDHHC5,No,https://www.uniprot.org/uniprotkb/Q9C0B5,https://platform.opentargets.org/target/ENSG00000156599
ALCAM,No,https://www.uniprot.org/uniprotkb/Q13740,https://platform.opentargets.org/target/ENSG00000170017
GRIN2B,Yes,https://www.uniprot.org/uniprotkb/Q13224,https://platform.opentargets.org/target/ENSG00000273079
CANX,No,https://www.uniprot.org/uniprotkb/P27824,https://platform.opentargets.org/target/ENSG00000127022
ABCC3,Yes,https://www.uniprot.org/uniprotkb/O15438,https://platform.opentargets.org/target/ENSG00000108846
IRF5,No,https://www.uniprot.org/uniprotkb/Q13568,https://platform.opentargets.org/target/ENSG00000128604
TRMT9B,No,https://www.uniprot.org/uniprotkb/Q9P272,https://platform.opentargets.org/target/ENSG00000250305
HAVCR1,No,https://www.uniprot.org/uniprotkb/Q96D42,https://platform.opentargets.org/target/ENSG00000113249
IKBKG,Yes,https://www.uniprot.org/uniprotkb/Q9Y6K9,https://platform.opentargets.org/target/ENSG00000269335
NUP42,No,https://www.uniprot.org/uniprotkb/O15504,https://platform.opentargets.org/target/ENSG00000136243
GABRP,Yes,https://www.uniprot.org/uniprotkb/O00591,https://platform.opentargets.org/target/ENSG00000094755
SDC4,No,https://www.uniprot.org/uniprotkb/P31431,https://platform.opentargets.org/target/ENSG00000124145
GRIN2A,Yes,https://www.uniprot.org/uniprotkb/Q12879,https://platform.opentargets.org/target/ENSG00000183454
MUC5B,No,https://www.uniprot.org/uniprotkb/Q9HC84,https://platform.opentargets.org/target/ENSG00000117983
SFN,No,https://www.uniprot.org/uniprotkb/P31947,https://platform.opentargets.org/target/ENSG00000175793
MGAT4C,No,https://www.uniprot.org/uniprotkb/Q9UBM8,https://platform.opentargets.org/target/ENSG00000182050
GRIN2D,Yes,https://www.uniprot.org/uniprotkb/O15399,https://platform.opentargets.org/target/ENSG00000105464
RPS27L,No,https://www.uniprot.org/uniprotkb/Q71UM5,https://platform.opentargets.org/target/ENSG00000185088
RHOC,No,https://www.uniprot.org/uniprotkb/P08134,https://platform.opentargets.org/target/ENSG00000155366
RPS15,No,https://www.uniprot.org/uniprotkb/P62841,https://platform.opentargets.org/target/ENSG00000115268
PCLO,No,https://www.uniprot.org/uniprotkb/Q9Y6V0,https://platform.opentargets.org/target/ENSG00000186472
SOX21,No,https://www.uniprot.org/uniprotkb/Q9Y651,https://platform.opentargets.org/target/ENSG00000125285
SFTPD,No,https://www.uniprot.org/uniprotkb/P35247,https://platform.opentargets.org/target/ENSG00000133661
PARP16,No,https://www.uniprot.org/uniprotkb/Q8N5Y8,https://platform.opentargets.org/target/ENSG00000138617
RPS19,No,https://www.uniprot.org/uniprotkb/P39019,https://platform.opentargets.org/target/ENSG00000105372
RPS29,No,https://www.uniprot.org/uniprotkb/P62273,https://platform.opentargets.org/target/ENSG00000213741
STING1,No,https://www.uniprot.org/uniprotkb/Q86WV6,https://platform.opentargets.org/target/ENSG00000184584
ELP3,No,https://www.uniprot.org/uniprotkb/Q9H9T3,https://platform.opentargets.org/target/ENSG00000134014
NDUFB10,No,https://www.uniprot.org/uniprotkb/O96000,https://platform.opentargets.org/target/ENSG00000140990
MASP2,No,https://www.uniprot.org/uniprotkb/O00187,https://platform.opentargets.org/target/ENSG00000009724
GPC1,No,https://www.uniprot.org/uniprotkb/P35052,https://platform.opentargets.org/target/ENSG00000063660
B3GLCT,No,https://www.uniprot.org/uniprotkb/Q6Y288,https://platform.opentargets.org/target/ENSG00000187676
CHMP3,No,https://www.uniprot.org/uniprotkb/Q9Y3E7,https://platform.opentargets.org/target/ENSG00000115561
G3BP2,No,https://www.uniprot.org/uniprotkb/Q9UN86,https://platform.opentargets.org/target/ENSG00000138757
TUBB2A,Yes,https://www.uniprot.org/uniprotkb/Q13885,https://platform.opentargets.org/target/ENSG00000137267
RPS26,No,https://www.uniprot.org/uniprotkb/P62854,https://platform.opentargets.org/target/ENSG00000197728
TUBB1,Yes,https://www.uniprot.org/uniprotkb/Q9H4B7,https://platform.opentargets.org/target/ENSG00000101162
TUBB2B,Yes,https://www.uniprot.org/uniprotkb/Q9BVA1,https://platform.opentargets.org/target/ENSG00000137285
IFIH1,No,https://www.uniprot.org/uniprotkb/Q9BYX4,https://platform.opentargets.org/target/ENSG00000115267
SRRM1,No,https://www.uniprot.org/uniprotkb/Q8IYB3,https://platform.opentargets.org/target/ENSG00000133226
TULP1,No,https://www.uniprot.org/uniprotkb/O00294,https://platform.opentargets.org/target/ENSG00000112041
SDC3,No,https://www.uniprot.org/uniprotkb/O75056,https://platform.opentargets.org/target/ENSG00000162512
HAL,No,https://www.uniprot.org/uniprotkb/P42357,https://platform.opentargets.org/target/ENSG00000084110
UBE2E2,No,https://www.uniprot.org/uniprotkb/Q96LR5,https://platform.opentargets.org/target/ENSG00000182247
RPS3,No,https://www.uniprot.org/uniprotkb/P23396,https://platform.opentargets.org/target/ENSG00000149273
RPN2,No,https://www.uniprot.org/uniprotkb/P04844,https://platform.opentargets.org/target/ENSG00000118705
RAB2A,No,https://www.uniprot.org/uniprotkb/P61019,https://platform.opentargets.org/target/ENSG00000104388
MAVS,No,https://www.uniprot.org/uniprotkb/Q7Z434,https://platform.opentargets.org/target/ENSG00000088888
FYCO1,No,https://www.uniprot.org/uniprotkb/Q9BQS8,https://platform.opentargets.org/target/ENSG00000163820
TK1,Yes,https://www.uniprot.org/uniprotkb/P04183,https://platform.opentargets.org/target/ENSG00000167900
BCL11A,No,https://www.uniprot.org/uniprotkb/Q9H165,https://platform.opentargets.org/target/ENSG00000119866
